-- Populate Utilizador
INSERT INTO utilizador(email, password) VALUES ('Email0', 'password0');
INSERT INTO utilizador(email, password) VALUES ('Email1', 'password1');
INSERT INTO utilizador(email, password) VALUES ('Email2', 'password2');
INSERT INTO utilizador(email, password) VALUES ('Email3', 'password3');
INSERT INTO utilizador(email, password) VALUES ('Email4', 'password4');
INSERT INTO utilizador(email, password) VALUES ('Email5', 'password5');
INSERT INTO utilizador(email, password) VALUES ('Email6', 'password6');
INSERT INTO utilizador(email, password) VALUES ('Email7', 'password7');
INSERT INTO utilizador(email, password) VALUES ('Email8', 'password8');
INSERT INTO utilizador(email, password) VALUES ('Email9', 'password9');
INSERT INTO utilizador(email, password) VALUES ('Email10', 'password10');
INSERT INTO utilizador(email, password) VALUES ('Email11', 'password11');
INSERT INTO utilizador(email, password) VALUES ('Email12', 'password12');
INSERT INTO utilizador(email, password) VALUES ('Email13', 'password13');
INSERT INTO utilizador(email, password) VALUES ('Email14', 'password14');
INSERT INTO utilizador(email, password) VALUES ('Email15', 'password15');
INSERT INTO utilizador(email, password) VALUES ('Email16', 'password16');
INSERT INTO utilizador(email, password) VALUES ('Email17', 'password17');
INSERT INTO utilizador(email, password) VALUES ('Email18', 'password18');
INSERT INTO utilizador(email, password) VALUES ('Email19', 'password19');
INSERT INTO utilizador(email, password) VALUES ('Email20', 'password20');
INSERT INTO utilizador(email, password) VALUES ('Email21', 'password21');
INSERT INTO utilizador(email, password) VALUES ('Email22', 'password22');
INSERT INTO utilizador(email, password) VALUES ('Email23', 'password23');
INSERT INTO utilizador(email, password) VALUES ('Email24', 'password24');
INSERT INTO utilizador(email, password) VALUES ('Email25', 'password25');
INSERT INTO utilizador(email, password) VALUES ('Email26', 'password26');
INSERT INTO utilizador(email, password) VALUES ('Email27', 'password27');
INSERT INTO utilizador(email, password) VALUES ('Email28', 'password28');
INSERT INTO utilizador(email, password) VALUES ('Email29', 'password29');
INSERT INTO utilizador(email, password) VALUES ('Email30', 'password30');
INSERT INTO utilizador(email, password) VALUES ('Email31', 'password31');
INSERT INTO utilizador(email, password) VALUES ('Email32', 'password32');
INSERT INTO utilizador(email, password) VALUES ('Email33', 'password33');
INSERT INTO utilizador(email, password) VALUES ('Email34', 'password34');
INSERT INTO utilizador(email, password) VALUES ('Email35', 'password35');
INSERT INTO utilizador(email, password) VALUES ('Email36', 'password36');
INSERT INTO utilizador(email, password) VALUES ('Email37', 'password37');
INSERT INTO utilizador(email, password) VALUES ('Email38', 'password38');
INSERT INTO utilizador(email, password) VALUES ('Email39', 'password39');
INSERT INTO utilizador(email, password) VALUES ('Email40', 'password40');
INSERT INTO utilizador(email, password) VALUES ('Email41', 'password41');
INSERT INTO utilizador(email, password) VALUES ('Email42', 'password42');
INSERT INTO utilizador(email, password) VALUES ('Email43', 'password43');
INSERT INTO utilizador(email, password) VALUES ('Email44', 'password44');
INSERT INTO utilizador(email, password) VALUES ('Email45', 'password45');
INSERT INTO utilizador(email, password) VALUES ('Email46', 'password46');
INSERT INTO utilizador(email, password) VALUES ('Email47', 'password47');
INSERT INTO utilizador(email, password) VALUES ('Email48', 'password48');
INSERT INTO utilizador(email, password) VALUES ('Email49', 'password49');

-- Populate Utilizador Qualificado
INSERT INTO utilizador_qualificado(email) VALUES ('Email0');
INSERT INTO utilizador_qualificado(email) VALUES ('Email2');
INSERT INTO utilizador_qualificado(email) VALUES ('Email4');
INSERT INTO utilizador_qualificado(email) VALUES ('Email6');
INSERT INTO utilizador_qualificado(email) VALUES ('Email8');
INSERT INTO utilizador_qualificado(email) VALUES ('Email10');
INSERT INTO utilizador_qualificado(email) VALUES ('Email12');
INSERT INTO utilizador_qualificado(email) VALUES ('Email14');
INSERT INTO utilizador_qualificado(email) VALUES ('Email16');
INSERT INTO utilizador_qualificado(email) VALUES ('Email18');
INSERT INTO utilizador_qualificado(email) VALUES ('Email20');
INSERT INTO utilizador_qualificado(email) VALUES ('Email22');
INSERT INTO utilizador_qualificado(email) VALUES ('Email24');
INSERT INTO utilizador_qualificado(email) VALUES ('Email26');
INSERT INTO utilizador_qualificado(email) VALUES ('Email28');
INSERT INTO utilizador_qualificado(email) VALUES ('Email30');
INSERT INTO utilizador_qualificado(email) VALUES ('Email32');
INSERT INTO utilizador_qualificado(email) VALUES ('Email34');
INSERT INTO utilizador_qualificado(email) VALUES ('Email36');
INSERT INTO utilizador_qualificado(email) VALUES ('Email38');
INSERT INTO utilizador_qualificado(email) VALUES ('Email40');
INSERT INTO utilizador_qualificado(email) VALUES ('Email42');
INSERT INTO utilizador_qualificado(email) VALUES ('Email44');
INSERT INTO utilizador_qualificado(email) VALUES ('Email46');
INSERT INTO utilizador_qualificado(email) VALUES ('Email48');

-- Populate Utilizador Regular
INSERT INTO utilizador_regular(email) VALUES ('Email1');
INSERT INTO utilizador_regular(email) VALUES ('Email3');
INSERT INTO utilizador_regular(email) VALUES ('Email5');
INSERT INTO utilizador_regular(email) VALUES ('Email7');
INSERT INTO utilizador_regular(email) VALUES ('Email9');
INSERT INTO utilizador_regular(email) VALUES ('Email11');
INSERT INTO utilizador_regular(email) VALUES ('Email13');
INSERT INTO utilizador_regular(email) VALUES ('Email15');
INSERT INTO utilizador_regular(email) VALUES ('Email17');
INSERT INTO utilizador_regular(email) VALUES ('Email19');
INSERT INTO utilizador_regular(email) VALUES ('Email21');
INSERT INTO utilizador_regular(email) VALUES ('Email23');
INSERT INTO utilizador_regular(email) VALUES ('Email25');
INSERT INTO utilizador_regular(email) VALUES ('Email27');
INSERT INTO utilizador_regular(email) VALUES ('Email29');
INSERT INTO utilizador_regular(email) VALUES ('Email31');
INSERT INTO utilizador_regular(email) VALUES ('Email33');
INSERT INTO utilizador_regular(email) VALUES ('Email35');
INSERT INTO utilizador_regular(email) VALUES ('Email37');
INSERT INTO utilizador_regular(email) VALUES ('Email39');
INSERT INTO utilizador_regular(email) VALUES ('Email41');
INSERT INTO utilizador_regular(email) VALUES ('Email43');
INSERT INTO utilizador_regular(email) VALUES ('Email45');
INSERT INTO utilizador_regular(email) VALUES ('Email47');
INSERT INTO utilizador_regular(email) VALUES ('Email49');

-- Populate Local Publico
INSERT INTO local_publico(latitude, longitude, nome) VALUES (-25, -25, 'LocalPublico0');
INSERT INTO local_publico(latitude, longitude, nome) VALUES (-25, -17, 'LocalPublico1');
INSERT INTO local_publico(latitude, longitude, nome) VALUES (-25, -9, 'LocalPublico2');
INSERT INTO local_publico(latitude, longitude, nome) VALUES (-25, -1, 'LocalPublico3');
INSERT INTO local_publico(latitude, longitude, nome) VALUES (-25, 7, 'LocalPublico4');
INSERT INTO local_publico(latitude, longitude, nome) VALUES (-25, 15, 'LocalPublico5');
INSERT INTO local_publico(latitude, longitude, nome) VALUES (-25, 23, 'LocalPublico6');
INSERT INTO local_publico(latitude, longitude, nome) VALUES (-16, -25, 'LocalPublico7');
INSERT INTO local_publico(latitude, longitude, nome) VALUES (-16, -16, 'LocalPublico8');
INSERT INTO local_publico(latitude, longitude, nome) VALUES (-16, -7, 'LocalPublico9');
INSERT INTO local_publico(latitude, longitude, nome) VALUES (-16, 2, 'LocalPublico10');
INSERT INTO local_publico(latitude, longitude, nome) VALUES (-16, 11, 'LocalPublico11');
INSERT INTO local_publico(latitude, longitude, nome) VALUES (-16, 20, 'LocalPublico12');
INSERT INTO local_publico(latitude, longitude, nome) VALUES (-7, -25, 'LocalPublico13');
INSERT INTO local_publico(latitude, longitude, nome) VALUES (-7, -16, 'LocalPublico14');
INSERT INTO local_publico(latitude, longitude, nome) VALUES (-7, -7, 'LocalPublico15');
INSERT INTO local_publico(latitude, longitude, nome) VALUES (-7, 2, 'LocalPublico16');
INSERT INTO local_publico(latitude, longitude, nome) VALUES (-7, 11, 'LocalPublico17');
INSERT INTO local_publico(latitude, longitude, nome) VALUES (-7, 20, 'LocalPublico18');
INSERT INTO local_publico(latitude, longitude, nome) VALUES (2, -25, 'LocalPublico19');
INSERT INTO local_publico(latitude, longitude, nome) VALUES (2, -16, 'LocalPublico20');
INSERT INTO local_publico(latitude, longitude, nome) VALUES (2, -7, 'LocalPublico21');
INSERT INTO local_publico(latitude, longitude, nome) VALUES (2, 2, 'LocalPublico22');
INSERT INTO local_publico(latitude, longitude, nome) VALUES (2, 11, 'LocalPublico23');
INSERT INTO local_publico(latitude, longitude, nome) VALUES (2, 20, 'LocalPublico24');
INSERT INTO local_publico(latitude, longitude, nome) VALUES (11, -25, 'LocalPublico25');
INSERT INTO local_publico(latitude, longitude, nome) VALUES (11, -16, 'LocalPublico26');
INSERT INTO local_publico(latitude, longitude, nome) VALUES (11, -7, 'LocalPublico27');
INSERT INTO local_publico(latitude, longitude, nome) VALUES (11, 2, 'LocalPublico28');
INSERT INTO local_publico(latitude, longitude, nome) VALUES (11, 11, 'LocalPublico29');
INSERT INTO local_publico(latitude, longitude, nome) VALUES (11, 20, 'LocalPublico30');
INSERT INTO local_publico(latitude, longitude, nome) VALUES (20, -25, 'LocalPublico31');
INSERT INTO local_publico(latitude, longitude, nome) VALUES (20, -17, 'LocalPublico32');
INSERT INTO local_publico(latitude, longitude, nome) VALUES (20, -9, 'LocalPublico33');
INSERT INTO local_publico(latitude, longitude, nome) VALUES (20, -1, 'LocalPublico34');
INSERT INTO local_publico(latitude, longitude, nome) VALUES (20, 7, 'LocalPublico35');
INSERT INTO local_publico(latitude, longitude, nome) VALUES (20, 15, 'LocalPublico36');
INSERT INTO local_publico(latitude, longitude, nome) VALUES (20, 23, 'LocalPublico37');

-- Populate Item
INSERT INTO item(descricao, localizacao, latitude, longitude) VALUES ('Descricao0', 'Localizacao0', 20, 15);
INSERT INTO item(descricao, localizacao, latitude, longitude) VALUES ('Descricao1', 'Localizacao1', 20, -25);
INSERT INTO item(descricao, localizacao, latitude, longitude) VALUES ('Descricao2', 'Localizacao2', 11, -7);
INSERT INTO item(descricao, localizacao, latitude, longitude) VALUES ('Descricao3', 'Localizacao3', 2, -7);
INSERT INTO item(descricao, localizacao, latitude, longitude) VALUES ('Descricao4', 'Localizacao4', 2, -7);
INSERT INTO item(descricao, localizacao, latitude, longitude) VALUES ('Descricao5', 'Localizacao5', 11, -16);
INSERT INTO item(descricao, localizacao, latitude, longitude) VALUES ('Descricao6', 'Localizacao6', -25, -1);
INSERT INTO item(descricao, localizacao, latitude, longitude) VALUES ('Descricao7', 'Localizacao7', 11, 20);
INSERT INTO item(descricao, localizacao, latitude, longitude) VALUES ('Descricao8', 'Localizacao8', -16, -7);
INSERT INTO item(descricao, localizacao, latitude, longitude) VALUES ('Descricao9', 'Localizacao9', 20, 7);
INSERT INTO item(descricao, localizacao, latitude, longitude) VALUES ('Descricao10', 'Localizacao10', -25, 23);
INSERT INTO item(descricao, localizacao, latitude, longitude) VALUES ('Descricao11', 'Localizacao11', 2, 11);
INSERT INTO item(descricao, localizacao, latitude, longitude) VALUES ('Descricao12', 'Localizacao12', 11, -16);
INSERT INTO item(descricao, localizacao, latitude, longitude) VALUES ('Descricao13', 'Localizacao13', -16, -16);
INSERT INTO item(descricao, localizacao, latitude, longitude) VALUES ('Descricao14', 'Localizacao14', -16, -16);
INSERT INTO item(descricao, localizacao, latitude, longitude) VALUES ('Descricao15', 'Localizacao15', -25, -9);
INSERT INTO item(descricao, localizacao, latitude, longitude) VALUES ('Descricao16', 'Localizacao16', 2, -16);
INSERT INTO item(descricao, localizacao, latitude, longitude) VALUES ('Descricao17', 'Localizacao17', -7, 20);
INSERT INTO item(descricao, localizacao, latitude, longitude) VALUES ('Descricao18', 'Localizacao18', -7, -25);
INSERT INTO item(descricao, localizacao, latitude, longitude) VALUES ('Descricao19', 'Localizacao19', 11, -25);
INSERT INTO item(descricao, localizacao, latitude, longitude) VALUES ('Descricao20', 'Localizacao20', 20, -9);
INSERT INTO item(descricao, localizacao, latitude, longitude) VALUES ('Descricao21', 'Localizacao21', 2, 11);
INSERT INTO item(descricao, localizacao, latitude, longitude) VALUES ('Descricao22', 'Localizacao22', -25, -17);
INSERT INTO item(descricao, localizacao, latitude, longitude) VALUES ('Descricao23', 'Localizacao23', -16, 11);
INSERT INTO item(descricao, localizacao, latitude, longitude) VALUES ('Descricao24', 'Localizacao24', -25, -1);
INSERT INTO item(descricao, localizacao, latitude, longitude) VALUES ('Descricao25', 'Localizacao25', -7, -16);
INSERT INTO item(descricao, localizacao, latitude, longitude) VALUES ('Descricao26', 'Localizacao26', -7, -7);
INSERT INTO item(descricao, localizacao, latitude, longitude) VALUES ('Descricao27', 'Localizacao27', 2, -25);
INSERT INTO item(descricao, localizacao, latitude, longitude) VALUES ('Descricao28', 'Localizacao28', -7, 11);
INSERT INTO item(descricao, localizacao, latitude, longitude) VALUES ('Descricao29', 'Localizacao29', -7, 20);

-- Populate Anomalia
INSERT INTO anomalia(zona, imagem, lingua, ts, descricao, tem_anomalia_redacao) VALUES ('-7, -13, 14, 2', '1', 'Lingua1', '2020/05/19 19:40:00', 'Descricao1', '1');
INSERT INTO anomalia(zona, imagem, lingua, ts, descricao, tem_anomalia_redacao) VALUES ('0, -5, 14, 10', '1', 'Lingua2', '2020/11/12 04:59:00', 'Descricao2', '1');
INSERT INTO anomalia(zona, imagem, lingua, ts, descricao, tem_anomalia_redacao) VALUES ('-3, -6, 19, 1', '1', 'Lingua3', '2021/04/30 08:48:00', 'Descricao3', '0');
INSERT INTO anomalia(zona, imagem, lingua, ts, descricao, tem_anomalia_redacao) VALUES ('-16, -15, 7, 17', '1', 'Lingua4', '2020/02/11 14:14:00', 'Descricao4', '1');
INSERT INTO anomalia(zona, imagem, lingua, ts, descricao, tem_anomalia_redacao) VALUES ('-17, -4, 19, 12', '1', 'Lingua5', '2020/03/03 20:27:00', 'Descricao5', '1');
INSERT INTO anomalia(zona, imagem, lingua, ts, descricao, tem_anomalia_redacao) VALUES ('-9, -4, 7, 12', '1', 'Lingua6', '2021/09/14 19:44:00', 'Descricao6', '0');
INSERT INTO anomalia(zona, imagem, lingua, ts, descricao, tem_anomalia_redacao) VALUES ('-4, -5, 5, 4', '1', 'Lingua7', '2019/07/05 14:02:00', 'Descricao7', '0');
INSERT INTO anomalia(zona, imagem, lingua, ts, descricao, tem_anomalia_redacao) VALUES ('-16, -7, 1, 4', '1', 'Lingua8', '2020/10/10 18:55:00', 'Descricao8', '0');
INSERT INTO anomalia(zona, imagem, lingua, ts, descricao, tem_anomalia_redacao) VALUES ('-17, -12, 5, 9', '1', 'Lingua9', '2018/10/01 00:05:00', 'Descricao9', '0');
INSERT INTO anomalia(zona, imagem, lingua, ts, descricao, tem_anomalia_redacao) VALUES ('-12, -16, 18, 7', '1', 'Lingua10', '2020/06/09 05:00:00', 'Descricao10', '1');
INSERT INTO anomalia(zona, imagem, lingua, ts, descricao, tem_anomalia_redacao) VALUES ('-11, -8, 9, 8', '1', 'Lingua11', '2021/07/26 22:11:00', 'Descricao11', '1');
INSERT INTO anomalia(zona, imagem, lingua, ts, descricao, tem_anomalia_redacao) VALUES ('0, -9, 19, 6', '1', 'Lingua12', '2021/05/08 01:25:00', 'Descricao12', '1');
INSERT INTO anomalia(zona, imagem, lingua, ts, descricao, tem_anomalia_redacao) VALUES ('0, -19, 5, 6', '1', 'Lingua13', '2019/01/14 22:09:00', 'Descricao13', '0');
INSERT INTO anomalia(zona, imagem, lingua, ts, descricao, tem_anomalia_redacao) VALUES ('-18, -9, 15, 10', '1', 'Lingua14', '2018/11/30 15:59:00', 'Descricao14', '0');
INSERT INTO anomalia(zona, imagem, lingua, ts, descricao, tem_anomalia_redacao) VALUES ('-17, -15, 5, 8', '1', 'Lingua15', '2020/12/21 20:50:00', 'Descricao15', '0');
INSERT INTO anomalia(zona, imagem, lingua, ts, descricao, tem_anomalia_redacao) VALUES ('-10, -15, 5, 5', '1', 'Lingua16', '2020/12/01 09:42:00', 'Descricao16', '0');
INSERT INTO anomalia(zona, imagem, lingua, ts, descricao, tem_anomalia_redacao) VALUES ('-19, -9, 7, 3', '1', 'Lingua17', '2019/05/02 19:27:00', 'Descricao17', '0');
INSERT INTO anomalia(zona, imagem, lingua, ts, descricao, tem_anomalia_redacao) VALUES ('-3, -17, 14, 6', '1', 'Lingua18', '2020/10/27 03:55:00', 'Descricao18', '1');
INSERT INTO anomalia(zona, imagem, lingua, ts, descricao, tem_anomalia_redacao) VALUES ('-17, -7, 10, 10', '1', 'Lingua19', '2019/05/26 07:13:00', 'Descricao19', '0');
INSERT INTO anomalia(zona, imagem, lingua, ts, descricao, tem_anomalia_redacao) VALUES ('-17, -19, 11, 17', '1', 'Lingua20', '2020/09/23 13:16:00', 'Descricao20', '1');
INSERT INTO anomalia(zona, imagem, lingua, ts, descricao, tem_anomalia_redacao) VALUES ('-7, -9, 19, 2', '1', 'Lingua21', '2019/09/14 21:29:00', 'Descricao21', '0');
INSERT INTO anomalia(zona, imagem, lingua, ts, descricao, tem_anomalia_redacao) VALUES ('0, -2, 16, 2', '1', 'Lingua22', '2020/03/09 18:26:00', 'Descricao22', '1');
INSERT INTO anomalia(zona, imagem, lingua, ts, descricao, tem_anomalia_redacao) VALUES ('-8, -13, 6, 2', '1', 'Lingua23', '2020/06/13 10:30:00', 'Descricao23', '1');
INSERT INTO anomalia(zona, imagem, lingua, ts, descricao, tem_anomalia_redacao) VALUES ('-12, -18, 5, 12', '1', 'Lingua24', '2019/03/13 01:40:00', 'Descricao24', '0');
INSERT INTO anomalia(zona, imagem, lingua, ts, descricao, tem_anomalia_redacao) VALUES ('-15, -16, 16, 8', '1', 'Lingua25', '2019/02/03 16:57:00', 'Descricao25', '0');

-- Populate Anomalia Traducao
INSERT INTO anomalia_traducao(id, zona2, lingua2) VALUES (1, '-2, -11, 12, 10', 'Lingua1');
INSERT INTO anomalia_traducao(id, zona2, lingua2) VALUES (3, '-2, -18, 9, 17', 'Lingua3');
INSERT INTO anomalia_traducao(id, zona2, lingua2) VALUES (5, '-5, -3, 6, 18', 'Lingua5');
INSERT INTO anomalia_traducao(id, zona2, lingua2) VALUES (7, '-19, -18, 18, 11', 'Lingua7');
INSERT INTO anomalia_traducao(id, zona2, lingua2) VALUES (9, '-4, -3, 18, 14', 'Lingua9');
INSERT INTO anomalia_traducao(id, zona2, lingua2) VALUES (11, '0, -2, 18, 3', 'Lingua11');
INSERT INTO anomalia_traducao(id, zona2, lingua2) VALUES (13, '-14, -1, 3, 4', 'Lingua13');
INSERT INTO anomalia_traducao(id, zona2, lingua2) VALUES (15, '-14, -8, 10, 3', 'Lingua15');
INSERT INTO anomalia_traducao(id, zona2, lingua2) VALUES (17, '-1, -19, 8, 17', 'Lingua17');
INSERT INTO anomalia_traducao(id, zona2, lingua2) VALUES (19, '-13, -2, 18, 12', 'Lingua19');
INSERT INTO anomalia_traducao(id, zona2, lingua2) VALUES (21, '-2, -1, 8, 3', 'Lingua21');
INSERT INTO anomalia_traducao(id, zona2, lingua2) VALUES (23, '-11, -13, 5, 3', 'Lingua23');

-- Populates Duplicado
INSERT INTO duplicado(item1, item2) VALUES (1, 14);
INSERT INTO duplicado(item1, item2) VALUES (9, 13);
INSERT INTO duplicado(item1, item2) VALUES (1, 2);
INSERT INTO duplicado(item1, item2) VALUES (8, 13);
INSERT INTO duplicado(item1, item2) VALUES (1, 26);
INSERT INTO duplicado(item1, item2) VALUES (2, 4);
INSERT INTO duplicado(item1, item2) VALUES (3, 9);
INSERT INTO duplicado(item1, item2) VALUES (8, 12);
INSERT INTO duplicado(item1, item2) VALUES (11, 15);
INSERT INTO duplicado(item1, item2) VALUES (28, 29);
INSERT INTO duplicado(item1, item2) VALUES (13, 18);
INSERT INTO duplicado(item1, item2) VALUES (8, 26);
INSERT INTO duplicado(item1, item2) VALUES (3, 4);
INSERT INTO duplicado(item1, item2) VALUES (7, 10);
INSERT INTO duplicado(item1, item2) VALUES (18, 25);
INSERT INTO duplicado(item1, item2) VALUES (16, 17);
INSERT INTO duplicado(item1, item2) VALUES (10, 14);
INSERT INTO duplicado(item1, item2) VALUES (2, 21);
INSERT INTO duplicado(item1, item2) VALUES (18, 20);
INSERT INTO duplicado(item1, item2) VALUES (8, 9);
INSERT INTO duplicado(item1, item2) VALUES (6, 23);
INSERT INTO duplicado(item1, item2) VALUES (18, 26);
INSERT INTO duplicado(item1, item2) VALUES (3, 15);
INSERT INTO duplicado(item1, item2) VALUES (14, 21);
INSERT INTO duplicado(item1, item2) VALUES (21, 25);

-- Populates Incidencia
INSERT INTO incidencia(anomalia_id, item_id, email) VALUES (1, 29, 'Email44');
INSERT INTO incidencia(anomalia_id, item_id, email) VALUES (2, 18, 'Email2');
INSERT INTO incidencia(anomalia_id, item_id, email) VALUES (3, 7, 'Email8');
INSERT INTO incidencia(anomalia_id, item_id, email) VALUES (4, 10, 'Email17');
INSERT INTO incidencia(anomalia_id, item_id, email) VALUES (5, 22, 'Email25');
INSERT INTO incidencia(anomalia_id, item_id, email) VALUES (6, 18, 'Email31');
INSERT INTO incidencia(anomalia_id, item_id, email) VALUES (7, 29, 'Email21');
INSERT INTO incidencia(anomalia_id, item_id, email) VALUES (8, 25, 'Email21');
INSERT INTO incidencia(anomalia_id, item_id, email) VALUES (9, 29, 'Email26');
INSERT INTO incidencia(anomalia_id, item_id, email) VALUES (10, 13, 'Email18');
INSERT INTO incidencia(anomalia_id, item_id, email) VALUES (11, 4, 'Email17');
INSERT INTO incidencia(anomalia_id, item_id, email) VALUES (12, 16, 'Email40');
INSERT INTO incidencia(anomalia_id, item_id, email) VALUES (13, 24, 'Email20');
INSERT INTO incidencia(anomalia_id, item_id, email) VALUES (14, 5, 'Email44');
INSERT INTO incidencia(anomalia_id, item_id, email) VALUES (15, 2, 'Email25');
INSERT INTO incidencia(anomalia_id, item_id, email) VALUES (16, 28, 'Email9');
INSERT INTO incidencia(anomalia_id, item_id, email) VALUES (17, 21, 'Email44');
INSERT INTO incidencia(anomalia_id, item_id, email) VALUES (18, 29, 'Email20');
INSERT INTO incidencia(anomalia_id, item_id, email) VALUES (19, 4, 'Email43');
INSERT INTO incidencia(anomalia_id, item_id, email) VALUES (20, 23, 'Email9');
INSERT INTO incidencia(anomalia_id, item_id, email) VALUES (21, 28, 'Email5');
INSERT INTO incidencia(anomalia_id, item_id, email) VALUES (22, 2, 'Email5');
INSERT INTO incidencia(anomalia_id, item_id, email) VALUES (23, 20, 'Email7');
INSERT INTO incidencia(anomalia_id, item_id, email) VALUES (24, 16, 'Email6');
INSERT INTO incidencia(anomalia_id, item_id, email) VALUES (25, 15, 'Email46');

-- Populate Proposta de Correcao
INSERT INTO proposta_de_correcao(email, nro, data_hora, texto) VALUES ('Email8', 1, '2020/12/29 08:37:00', 'Texto4');
INSERT INTO proposta_de_correcao(email, nro, data_hora, texto) VALUES ('Email8', 2, '2019/03/06 21:18:00', 'Texto4');
INSERT INTO proposta_de_correcao(email, nro, data_hora, texto) VALUES ('Email8', 3, '2019/03/20 05:18:00', 'Texto4');
INSERT INTO proposta_de_correcao(email, nro, data_hora, texto) VALUES ('Email12', 1, '2020/09/26 00:53:00', 'Texto6');
INSERT INTO proposta_de_correcao(email, nro, data_hora, texto) VALUES ('Email12', 2, '2018/10/29 00:24:00', 'Texto6');
INSERT INTO proposta_de_correcao(email, nro, data_hora, texto) VALUES ('Email16', 1, '2019/07/09 20:46:00', 'Texto8');
INSERT INTO proposta_de_correcao(email, nro, data_hora, texto) VALUES ('Email16', 2, '2019/10/01 15:25:00', 'Texto8');
INSERT INTO proposta_de_correcao(email, nro, data_hora, texto) VALUES ('Email20', 1, '2021/08/02 11:42:00', 'Texto10');
INSERT INTO proposta_de_correcao(email, nro, data_hora, texto) VALUES ('Email24', 1, '2021/04/03 11:12:00', 'Texto12');
INSERT INTO proposta_de_correcao(email, nro, data_hora, texto) VALUES ('Email28', 1, '2021/02/16 06:57:00', 'Texto14');
INSERT INTO proposta_de_correcao(email, nro, data_hora, texto) VALUES ('Email28', 2, '2021/03/03 18:03:00', 'Texto14');
INSERT INTO proposta_de_correcao(email, nro, data_hora, texto) VALUES ('Email32', 1, '2019/08/22 04:31:00', 'Texto16');
INSERT INTO proposta_de_correcao(email, nro, data_hora, texto) VALUES ('Email32', 2, '2020/10/02 11:26:00', 'Texto16');
INSERT INTO proposta_de_correcao(email, nro, data_hora, texto) VALUES ('Email32', 3, '2021/01/13 15:38:00', 'Texto16');
INSERT INTO proposta_de_correcao(email, nro, data_hora, texto) VALUES ('Email36', 1, '2019/11/18 11:58:00', 'Texto18');
INSERT INTO proposta_de_correcao(email, nro, data_hora, texto) VALUES ('Email40', 1, '2021/03/16 20:30:00', 'Texto20');
INSERT INTO proposta_de_correcao(email, nro, data_hora, texto) VALUES ('Email44', 1, '2019/02/23 17:23:00', 'Texto22');
INSERT INTO proposta_de_correcao(email, nro, data_hora, texto) VALUES ('Email44', 2, '2019/06/17 02:57:00', 'Texto22');
INSERT INTO proposta_de_correcao(email, nro, data_hora, texto) VALUES ('Email48', 1, '2019/02/10 02:13:00', 'Texto24');
INSERT INTO proposta_de_correcao(email, nro, data_hora, texto) VALUES ('Email48', 2, '2021/08/19 13:35:00', 'Texto24');
INSERT INTO proposta_de_correcao(email, nro, data_hora, texto) VALUES ('Email48', 3, '2019/10/29 05:11:00', 'Texto24');

-- Populate Correcao
INSERT INTO correcao(email, nro, anomalia_id) VALUES ('Email8', 1, 22);
INSERT INTO correcao(email, nro, anomalia_id) VALUES ('Email8', 3, 8);
INSERT INTO correcao(email, nro, anomalia_id) VALUES ('Email12', 2, 20);
INSERT INTO correcao(email, nro, anomalia_id) VALUES ('Email16', 2, 5);
INSERT INTO correcao(email, nro, anomalia_id) VALUES ('Email24', 1, 24);
INSERT INTO correcao(email, nro, anomalia_id) VALUES ('Email28', 2, 22);
INSERT INTO correcao(email, nro, anomalia_id) VALUES ('Email32', 2, 15);
INSERT INTO correcao(email, nro, anomalia_id) VALUES ('Email36', 1, 9);
INSERT INTO correcao(email, nro, anomalia_id) VALUES ('Email44', 1, 17);
INSERT INTO correcao(email, nro, anomalia_id) VALUES ('Email48', 1, 5);
INSERT INTO correcao(email, nro, anomalia_id) VALUES ('Email48', 3, 19);
