-- Populate Utilizador
INSERT INTO utilizador(email, password) VALUES ('Email0', 'password0');
INSERT INTO utilizador(email, password) VALUES ('Email1', 'password1');
INSERT INTO utilizador(email, password) VALUES ('Email2', 'password2');
INSERT INTO utilizador(email, password) VALUES ('Email3', 'password3');
INSERT INTO utilizador(email, password) VALUES ('Email4', 'password4');
INSERT INTO utilizador(email, password) VALUES ('Email5', 'password5');
INSERT INTO utilizador(email, password) VALUES ('Email6', 'password6');
INSERT INTO utilizador(email, password) VALUES ('Email7', 'password7');
INSERT INTO utilizador(email, password) VALUES ('Email8', 'password8');
INSERT INTO utilizador(email, password) VALUES ('Email9', 'password9');
INSERT INTO utilizador(email, password) VALUES ('Email10', 'password10');
INSERT INTO utilizador(email, password) VALUES ('Email11', 'password11');
INSERT INTO utilizador(email, password) VALUES ('Email12', 'password12');
INSERT INTO utilizador(email, password) VALUES ('Email13', 'password13');
INSERT INTO utilizador(email, password) VALUES ('Email14', 'password14');
INSERT INTO utilizador(email, password) VALUES ('Email15', 'password15');
INSERT INTO utilizador(email, password) VALUES ('Email16', 'password16');
INSERT INTO utilizador(email, password) VALUES ('Email17', 'password17');
INSERT INTO utilizador(email, password) VALUES ('Email18', 'password18');
INSERT INTO utilizador(email, password) VALUES ('Email19', 'password19');
INSERT INTO utilizador(email, password) VALUES ('Email20', 'password20');
INSERT INTO utilizador(email, password) VALUES ('Email21', 'password21');
INSERT INTO utilizador(email, password) VALUES ('Email22', 'password22');
INSERT INTO utilizador(email, password) VALUES ('Email23', 'password23');
INSERT INTO utilizador(email, password) VALUES ('Email24', 'password24');
INSERT INTO utilizador(email, password) VALUES ('Email25', 'password25');
INSERT INTO utilizador(email, password) VALUES ('Email26', 'password26');
INSERT INTO utilizador(email, password) VALUES ('Email27', 'password27');
INSERT INTO utilizador(email, password) VALUES ('Email28', 'password28');
INSERT INTO utilizador(email, password) VALUES ('Email29', 'password29');
INSERT INTO utilizador(email, password) VALUES ('Email30', 'password30');
INSERT INTO utilizador(email, password) VALUES ('Email31', 'password31');
INSERT INTO utilizador(email, password) VALUES ('Email32', 'password32');
INSERT INTO utilizador(email, password) VALUES ('Email33', 'password33');
INSERT INTO utilizador(email, password) VALUES ('Email34', 'password34');
INSERT INTO utilizador(email, password) VALUES ('Email35', 'password35');
INSERT INTO utilizador(email, password) VALUES ('Email36', 'password36');
INSERT INTO utilizador(email, password) VALUES ('Email37', 'password37');
INSERT INTO utilizador(email, password) VALUES ('Email38', 'password38');
INSERT INTO utilizador(email, password) VALUES ('Email39', 'password39');
INSERT INTO utilizador(email, password) VALUES ('Email40', 'password40');
INSERT INTO utilizador(email, password) VALUES ('Email41', 'password41');
INSERT INTO utilizador(email, password) VALUES ('Email42', 'password42');
INSERT INTO utilizador(email, password) VALUES ('Email43', 'password43');
INSERT INTO utilizador(email, password) VALUES ('Email44', 'password44');
INSERT INTO utilizador(email, password) VALUES ('Email45', 'password45');
INSERT INTO utilizador(email, password) VALUES ('Email46', 'password46');
INSERT INTO utilizador(email, password) VALUES ('Email47', 'password47');
INSERT INTO utilizador(email, password) VALUES ('Email48', 'password48');
INSERT INTO utilizador(email, password) VALUES ('Email49', 'password49');

-- Populate Utilizador Qualificado
INSERT INTO utilizador_qualificado(email) VALUES ('Email0');
INSERT INTO utilizador_qualificado(email) VALUES ('Email2');
INSERT INTO utilizador_qualificado(email) VALUES ('Email4');
INSERT INTO utilizador_qualificado(email) VALUES ('Email6');
INSERT INTO utilizador_qualificado(email) VALUES ('Email8');
INSERT INTO utilizador_qualificado(email) VALUES ('Email10');
INSERT INTO utilizador_qualificado(email) VALUES ('Email12');
INSERT INTO utilizador_qualificado(email) VALUES ('Email14');
INSERT INTO utilizador_qualificado(email) VALUES ('Email16');
INSERT INTO utilizador_qualificado(email) VALUES ('Email18');
INSERT INTO utilizador_qualificado(email) VALUES ('Email20');
INSERT INTO utilizador_qualificado(email) VALUES ('Email22');
INSERT INTO utilizador_qualificado(email) VALUES ('Email24');
INSERT INTO utilizador_qualificado(email) VALUES ('Email26');
INSERT INTO utilizador_qualificado(email) VALUES ('Email28');
INSERT INTO utilizador_qualificado(email) VALUES ('Email30');
INSERT INTO utilizador_qualificado(email) VALUES ('Email32');
INSERT INTO utilizador_qualificado(email) VALUES ('Email34');
INSERT INTO utilizador_qualificado(email) VALUES ('Email36');
INSERT INTO utilizador_qualificado(email) VALUES ('Email38');
INSERT INTO utilizador_qualificado(email) VALUES ('Email40');
INSERT INTO utilizador_qualificado(email) VALUES ('Email42');
INSERT INTO utilizador_qualificado(email) VALUES ('Email44');
INSERT INTO utilizador_qualificado(email) VALUES ('Email46');
INSERT INTO utilizador_qualificado(email) VALUES ('Email48');

-- Populate Utilizador Regular
INSERT INTO utilizador_regular(email) VALUES ('Email1');
INSERT INTO utilizador_regular(email) VALUES ('Email3');
INSERT INTO utilizador_regular(email) VALUES ('Email5');
INSERT INTO utilizador_regular(email) VALUES ('Email7');
INSERT INTO utilizador_regular(email) VALUES ('Email9');
INSERT INTO utilizador_regular(email) VALUES ('Email11');
INSERT INTO utilizador_regular(email) VALUES ('Email13');
INSERT INTO utilizador_regular(email) VALUES ('Email15');
INSERT INTO utilizador_regular(email) VALUES ('Email17');
INSERT INTO utilizador_regular(email) VALUES ('Email19');
INSERT INTO utilizador_regular(email) VALUES ('Email21');
INSERT INTO utilizador_regular(email) VALUES ('Email23');
INSERT INTO utilizador_regular(email) VALUES ('Email25');
INSERT INTO utilizador_regular(email) VALUES ('Email27');
INSERT INTO utilizador_regular(email) VALUES ('Email29');
INSERT INTO utilizador_regular(email) VALUES ('Email31');
INSERT INTO utilizador_regular(email) VALUES ('Email33');
INSERT INTO utilizador_regular(email) VALUES ('Email35');
INSERT INTO utilizador_regular(email) VALUES ('Email37');
INSERT INTO utilizador_regular(email) VALUES ('Email39');
INSERT INTO utilizador_regular(email) VALUES ('Email41');
INSERT INTO utilizador_regular(email) VALUES ('Email43');
INSERT INTO utilizador_regular(email) VALUES ('Email45');
INSERT INTO utilizador_regular(email) VALUES ('Email47');
INSERT INTO utilizador_regular(email) VALUES ('Email49');

-- Populate Local Publico
INSERT INTO local_publico(latitude, longitude, nome) VALUES (-25, -25, 'LocalPublico0');
INSERT INTO local_publico(latitude, longitude, nome) VALUES (-25, -18, 'LocalPublico1');
INSERT INTO local_publico(latitude, longitude, nome) VALUES (-25, -11, 'LocalPublico2');
INSERT INTO local_publico(latitude, longitude, nome) VALUES (-25, -4, 'LocalPublico3');
INSERT INTO local_publico(latitude, longitude, nome) VALUES (-25, 3, 'LocalPublico4');
INSERT INTO local_publico(latitude, longitude, nome) VALUES (-25, 10, 'LocalPublico5');
INSERT INTO local_publico(latitude, longitude, nome) VALUES (-25, 17, 'LocalPublico6');
INSERT INTO local_publico(latitude, longitude, nome) VALUES (-25, 24, 'LocalPublico7');
INSERT INTO local_publico(latitude, longitude, nome) VALUES (-18, -25, 'LocalPublico8');
INSERT INTO local_publico(latitude, longitude, nome) VALUES (-18, -16, 'LocalPublico9');
INSERT INTO local_publico(latitude, longitude, nome) VALUES (-18, -7, 'LocalPublico10');
INSERT INTO local_publico(latitude, longitude, nome) VALUES (-18, 2, 'LocalPublico11');
INSERT INTO local_publico(latitude, longitude, nome) VALUES (-18, 11, 'LocalPublico12');
INSERT INTO local_publico(latitude, longitude, nome) VALUES (-18, 20, 'LocalPublico13');
INSERT INTO local_publico(latitude, longitude, nome) VALUES (-11, -25, 'LocalPublico14');
INSERT INTO local_publico(latitude, longitude, nome) VALUES (-11, -17, 'LocalPublico15');
INSERT INTO local_publico(latitude, longitude, nome) VALUES (-11, -9, 'LocalPublico16');
INSERT INTO local_publico(latitude, longitude, nome) VALUES (-11, -1, 'LocalPublico17');
INSERT INTO local_publico(latitude, longitude, nome) VALUES (-11, 7, 'LocalPublico18');
INSERT INTO local_publico(latitude, longitude, nome) VALUES (-11, 15, 'LocalPublico19');
INSERT INTO local_publico(latitude, longitude, nome) VALUES (-11, 23, 'LocalPublico20');
INSERT INTO local_publico(latitude, longitude, nome) VALUES (-4, -25, 'LocalPublico21');
INSERT INTO local_publico(latitude, longitude, nome) VALUES (-4, -16, 'LocalPublico22');
INSERT INTO local_publico(latitude, longitude, nome) VALUES (-4, -7, 'LocalPublico23');
INSERT INTO local_publico(latitude, longitude, nome) VALUES (-4, 2, 'LocalPublico24');
INSERT INTO local_publico(latitude, longitude, nome) VALUES (-4, 11, 'LocalPublico25');
INSERT INTO local_publico(latitude, longitude, nome) VALUES (-4, 20, 'LocalPublico26');
INSERT INTO local_publico(latitude, longitude, nome) VALUES (3, -25, 'LocalPublico27');
INSERT INTO local_publico(latitude, longitude, nome) VALUES (3, -16, 'LocalPublico28');
INSERT INTO local_publico(latitude, longitude, nome) VALUES (3, -7, 'LocalPublico29');
INSERT INTO local_publico(latitude, longitude, nome) VALUES (3, 2, 'LocalPublico30');
INSERT INTO local_publico(latitude, longitude, nome) VALUES (3, 11, 'LocalPublico31');
INSERT INTO local_publico(latitude, longitude, nome) VALUES (3, 20, 'LocalPublico32');
INSERT INTO local_publico(latitude, longitude, nome) VALUES (10, -25, 'LocalPublico33');
INSERT INTO local_publico(latitude, longitude, nome) VALUES (10, -18, 'LocalPublico34');
INSERT INTO local_publico(latitude, longitude, nome) VALUES (10, -11, 'LocalPublico35');
INSERT INTO local_publico(latitude, longitude, nome) VALUES (10, -4, 'LocalPublico36');
INSERT INTO local_publico(latitude, longitude, nome) VALUES (10, 3, 'LocalPublico37');
INSERT INTO local_publico(latitude, longitude, nome) VALUES (10, 10, 'LocalPublico38');
INSERT INTO local_publico(latitude, longitude, nome) VALUES (10, 17, 'LocalPublico39');
INSERT INTO local_publico(latitude, longitude, nome) VALUES (10, 24, 'LocalPublico40');
INSERT INTO local_publico(latitude, longitude, nome) VALUES (17, -25, 'LocalPublico41');
INSERT INTO local_publico(latitude, longitude, nome) VALUES (17, -16, 'LocalPublico42');
INSERT INTO local_publico(latitude, longitude, nome) VALUES (17, -7, 'LocalPublico43');
INSERT INTO local_publico(latitude, longitude, nome) VALUES (17, 2, 'LocalPublico44');
INSERT INTO local_publico(latitude, longitude, nome) VALUES (17, 11, 'LocalPublico45');
INSERT INTO local_publico(latitude, longitude, nome) VALUES (17, 20, 'LocalPublico46');
INSERT INTO local_publico(latitude, longitude, nome) VALUES (24, -25, 'LocalPublico47');
INSERT INTO local_publico(latitude, longitude, nome) VALUES (24, -17, 'LocalPublico48');
INSERT INTO local_publico(latitude, longitude, nome) VALUES (24, -9, 'LocalPublico49');
INSERT INTO local_publico(latitude, longitude, nome) VALUES (24, -1, 'LocalPublico50');
INSERT INTO local_publico(latitude, longitude, nome) VALUES (24, 7, 'LocalPublico51');
INSERT INTO local_publico(latitude, longitude, nome) VALUES (24, 15, 'LocalPublico52');
INSERT INTO local_publico(latitude, longitude, nome) VALUES (24, 23, 'LocalPublico53');

-- Populate Item
INSERT INTO item(descricao, localizacao, latitude, longitude) VALUES ('Descricao0', 'Localizacao0', -4, 20);
INSERT INTO item(descricao, localizacao, latitude, longitude) VALUES ('Descricao1', 'Localizacao1', 17, -25);
INSERT INTO item(descricao, localizacao, latitude, longitude) VALUES ('Descricao2', 'Localizacao2', 17, -25);
INSERT INTO item(descricao, localizacao, latitude, longitude) VALUES ('Descricao3', 'Localizacao3', -11, -25);
INSERT INTO item(descricao, localizacao, latitude, longitude) VALUES ('Descricao4', 'Localizacao4', 3, 20);
INSERT INTO item(descricao, localizacao, latitude, longitude) VALUES ('Descricao5', 'Localizacao5', -18, 20);
INSERT INTO item(descricao, localizacao, latitude, longitude) VALUES ('Descricao6', 'Localizacao6', -18, -16);
INSERT INTO item(descricao, localizacao, latitude, longitude) VALUES ('Descricao7', 'Localizacao7', 3, 2);
INSERT INTO item(descricao, localizacao, latitude, longitude) VALUES ('Descricao8', 'Localizacao8', -25, -4);
INSERT INTO item(descricao, localizacao, latitude, longitude) VALUES ('Descricao9', 'Localizacao9', -18, -16);
INSERT INTO item(descricao, localizacao, latitude, longitude) VALUES ('Descricao10', 'Localizacao10', 10, 17);
INSERT INTO item(descricao, localizacao, latitude, longitude) VALUES ('Descricao11', 'Localizacao11', -25, 10);
INSERT INTO item(descricao, localizacao, latitude, longitude) VALUES ('Descricao12', 'Localizacao12', 10, 10);
INSERT INTO item(descricao, localizacao, latitude, longitude) VALUES ('Descricao13', 'Localizacao13', 17, 11);
INSERT INTO item(descricao, localizacao, latitude, longitude) VALUES ('Descricao14', 'Localizacao14', 17, 2);
INSERT INTO item(descricao, localizacao, latitude, longitude) VALUES ('Descricao15', 'Localizacao15', -25, 3);
INSERT INTO item(descricao, localizacao, latitude, longitude) VALUES ('Descricao16', 'Localizacao16', 3, -7);
INSERT INTO item(descricao, localizacao, latitude, longitude) VALUES ('Descricao17', 'Localizacao17', -4, 20);
INSERT INTO item(descricao, localizacao, latitude, longitude) VALUES ('Descricao18', 'Localizacao18', 3, -7);
INSERT INTO item(descricao, localizacao, latitude, longitude) VALUES ('Descricao19', 'Localizacao19', -4, -16);
INSERT INTO item(descricao, localizacao, latitude, longitude) VALUES ('Descricao20', 'Localizacao20', 3, -25);
INSERT INTO item(descricao, localizacao, latitude, longitude) VALUES ('Descricao21', 'Localizacao21', -4, -7);
INSERT INTO item(descricao, localizacao, latitude, longitude) VALUES ('Descricao22', 'Localizacao22', -18, 11);
INSERT INTO item(descricao, localizacao, latitude, longitude) VALUES ('Descricao23', 'Localizacao23', 3, -25);
INSERT INTO item(descricao, localizacao, latitude, longitude) VALUES ('Descricao24', 'Localizacao24', -4, 11);
INSERT INTO item(descricao, localizacao, latitude, longitude) VALUES ('Descricao25', 'Localizacao25', -4, 20);
INSERT INTO item(descricao, localizacao, latitude, longitude) VALUES ('Descricao26', 'Localizacao26', 17, -25);
INSERT INTO item(descricao, localizacao, latitude, longitude) VALUES ('Descricao27', 'Localizacao27', -18, 2);
INSERT INTO item(descricao, localizacao, latitude, longitude) VALUES ('Descricao28', 'Localizacao28', -4, 2);
INSERT INTO item(descricao, localizacao, latitude, longitude) VALUES ('Descricao29', 'Localizacao29', -25, -4);

-- Populate Anomalia
INSERT INTO anomalia(zona, imagem, lingua, ts, descricao, tem_anomalia_redacao) VALUES ('-19, -13, 16, 13', '1', 'Lingua1', '2018/01/31 19:18:00', 'Descricao1', '1');
INSERT INTO anomalia(zona, imagem, lingua, ts, descricao, tem_anomalia_redacao) VALUES ('-16, -13, 2, 5', '1', 'Lingua2', '2018/12/25 19:26:00', 'Descricao2', '1');
INSERT INTO anomalia(zona, imagem, lingua, ts, descricao, tem_anomalia_redacao) VALUES ('-1, -13, 4, 6', '1', 'Lingua3', '2018/08/30 13:13:00', 'Descricao3', '1');
INSERT INTO anomalia(zona, imagem, lingua, ts, descricao, tem_anomalia_redacao) VALUES ('-4, -15, 3, 17', '1', 'Lingua4', '2019/11/01 01:10:00', 'Descricao4', '0');
INSERT INTO anomalia(zona, imagem, lingua, ts, descricao, tem_anomalia_redacao) VALUES ('-15, -5, 9, 15', '1', 'Lingua5', '2019/03/19 10:59:00', 'Descricao5', '0');
INSERT INTO anomalia(zona, imagem, lingua, ts, descricao, tem_anomalia_redacao) VALUES ('-3, -13, 9, 3', '1', 'Lingua6', '2018/07/24 08:28:00', 'Descricao6', '0');
INSERT INTO anomalia(zona, imagem, lingua, ts, descricao, tem_anomalia_redacao) VALUES ('0, -6, 13, 14', '1', 'Lingua7', '2019/02/04 04:53:00', 'Descricao7', '0');
INSERT INTO anomalia(zona, imagem, lingua, ts, descricao, tem_anomalia_redacao) VALUES ('-13, -11, 9, 2', '1', 'Lingua8', '2018/08/07 04:46:00', 'Descricao8', '1');
INSERT INTO anomalia(zona, imagem, lingua, ts, descricao, tem_anomalia_redacao) VALUES ('-13, -1, 11, 6', '1', 'Lingua9', '2018/03/30 15:35:00', 'Descricao9', '0');
INSERT INTO anomalia(zona, imagem, lingua, ts, descricao, tem_anomalia_redacao) VALUES ('-5, -10, 10, 14', '1', 'Lingua10', '2019/10/16 10:50:00', 'Descricao10', '0');
INSERT INTO anomalia(zona, imagem, lingua, ts, descricao, tem_anomalia_redacao) VALUES ('-10, -6, 4, 16', '1', 'Lingua11', '2019/08/15 10:46:00', 'Descricao11', '1');
INSERT INTO anomalia(zona, imagem, lingua, ts, descricao, tem_anomalia_redacao) VALUES ('-2, -4, 7, 18', '1', 'Lingua12', '2019/06/10 18:44:00', 'Descricao12', '1');
INSERT INTO anomalia(zona, imagem, lingua, ts, descricao, tem_anomalia_redacao) VALUES ('-19, -5, 11, 9', '1', 'Lingua13', '2018/03/20 13:08:00', 'Descricao13', '1');
INSERT INTO anomalia(zona, imagem, lingua, ts, descricao, tem_anomalia_redacao) VALUES ('-6, -7, 19, 18', '1', 'Lingua14', '2019/11/04 08:29:00', 'Descricao14', '1');
INSERT INTO anomalia(zona, imagem, lingua, ts, descricao, tem_anomalia_redacao) VALUES ('-2, 0, 11, 5', '1', 'Lingua15', '2018/04/29 04:45:00', 'Descricao15', '0');
INSERT INTO anomalia(zona, imagem, lingua, ts, descricao, tem_anomalia_redacao) VALUES ('-6, -1, 8, 2', '1', 'Lingua16', '2019/10/05 12:49:00', 'Descricao16', '0');
INSERT INTO anomalia(zona, imagem, lingua, ts, descricao, tem_anomalia_redacao) VALUES ('-16, -9, 9, 14', '1', 'Lingua17', '2019/03/06 13:39:00', 'Descricao17', '0');
INSERT INTO anomalia(zona, imagem, lingua, ts, descricao, tem_anomalia_redacao) VALUES ('-18, -4, 16, 6', '1', 'Lingua18', '2019/04/10 10:17:00', 'Descricao18', '1');
INSERT INTO anomalia(zona, imagem, lingua, ts, descricao, tem_anomalia_redacao) VALUES ('-9, -7, 2, 8', '1', 'Lingua19', '2018/10/14 10:08:00', 'Descricao19', '1');
INSERT INTO anomalia(zona, imagem, lingua, ts, descricao, tem_anomalia_redacao) VALUES ('-16, -10, 9, 15', '1', 'Lingua20', '2018/12/13 19:51:00', 'Descricao20', '1');
INSERT INTO anomalia(zona, imagem, lingua, ts, descricao, tem_anomalia_redacao) VALUES ('-7, -17, 8, 16', '1', 'Lingua21', '2018/03/07 06:58:00', 'Descricao21', '0');
INSERT INTO anomalia(zona, imagem, lingua, ts, descricao, tem_anomalia_redacao) VALUES ('-12, -2, 14, 17', '1', 'Lingua22', '2019/11/09 08:05:00', 'Descricao22', '1');
INSERT INTO anomalia(zona, imagem, lingua, ts, descricao, tem_anomalia_redacao) VALUES ('-16, 0, 13, 2', '1', 'Lingua23', '2019/06/07 01:03:00', 'Descricao23', '1');
INSERT INTO anomalia(zona, imagem, lingua, ts, descricao, tem_anomalia_redacao) VALUES ('0, -18, 4, 17', '1', 'Lingua24', '2019/09/26 20:11:00', 'Descricao24', '1');
INSERT INTO anomalia(zona, imagem, lingua, ts, descricao, tem_anomalia_redacao) VALUES ('-7, -11, 10, 14', '1', 'Lingua25', '2019/01/16 00:46:00', 'Descricao25', '1');

-- Populate Anomalia Traducao
INSERT INTO anomalia_traducao(id, zona2, lingua2) VALUES (1, '-4, -16, 13, 9', 'Lingua1');
INSERT INTO anomalia_traducao(id, zona2, lingua2) VALUES (3, '-16, -17, 18, 4', 'Lingua3');
INSERT INTO anomalia_traducao(id, zona2, lingua2) VALUES (5, '-13, -7, 7, 17', 'Lingua5');
INSERT INTO anomalia_traducao(id, zona2, lingua2) VALUES (7, '-10, -15, 5, 17', 'Lingua7');
INSERT INTO anomalia_traducao(id, zona2, lingua2) VALUES (9, '-17, -1, 14, 14', 'Lingua9');
INSERT INTO anomalia_traducao(id, zona2, lingua2) VALUES (11, '-5, -14, 13, 2', 'Lingua11');
INSERT INTO anomalia_traducao(id, zona2, lingua2) VALUES (13, '-7, -7, 7, 15', 'Lingua13');
INSERT INTO anomalia_traducao(id, zona2, lingua2) VALUES (15, '-1, -5, 13, 3', 'Lingua15');
INSERT INTO anomalia_traducao(id, zona2, lingua2) VALUES (17, '-5, -6, 11, 14', 'Lingua17');
INSERT INTO anomalia_traducao(id, zona2, lingua2) VALUES (19, '-8, -8, 16, 15', 'Lingua19');
INSERT INTO anomalia_traducao(id, zona2, lingua2) VALUES (21, '-14, 0, 15, 1', 'Lingua21');
INSERT INTO anomalia_traducao(id, zona2, lingua2) VALUES (23, '-1, -19, 4, 14', 'Lingua23');

-- Populates Duplicado
INSERT INTO duplicado(item1, item2) VALUES (9, 14);
INSERT INTO duplicado(item1, item2) VALUES (10, 19);
INSERT INTO duplicado(item1, item2) VALUES (1, 2);
INSERT INTO duplicado(item1, item2) VALUES (7, 15);
INSERT INTO duplicado(item1, item2) VALUES (17, 20);
INSERT INTO duplicado(item1, item2) VALUES (15, 22);
INSERT INTO duplicado(item1, item2) VALUES (1, 3);
INSERT INTO duplicado(item1, item2) VALUES (13, 16);
INSERT INTO duplicado(item1, item2) VALUES (13, 20);
INSERT INTO duplicado(item1, item2) VALUES (15, 16);
INSERT INTO duplicado(item1, item2) VALUES (4, 27);
INSERT INTO duplicado(item1, item2) VALUES (13, 24);
INSERT INTO duplicado(item1, item2) VALUES (8, 13);
INSERT INTO duplicado(item1, item2) VALUES (20, 21);
INSERT INTO duplicado(item1, item2) VALUES (10, 12);
INSERT INTO duplicado(item1, item2) VALUES (7, 12);
INSERT INTO duplicado(item1, item2) VALUES (2, 4);
INSERT INTO duplicado(item1, item2) VALUES (9, 11);
INSERT INTO duplicado(item1, item2) VALUES (4, 9);
INSERT INTO duplicado(item1, item2) VALUES (12, 18);
INSERT INTO duplicado(item1, item2) VALUES (12, 24);
INSERT INTO duplicado(item1, item2) VALUES (14, 19);
INSERT INTO duplicado(item1, item2) VALUES (3, 15);
INSERT INTO duplicado(item1, item2) VALUES (4, 5);
INSERT INTO duplicado(item1, item2) VALUES (22, 25);

-- Populates Incidencia
INSERT INTO incidencia(anomalia_id, item_id, email) VALUES (1, 11, 'Email21');
INSERT INTO incidencia(anomalia_id, item_id, email) VALUES (2, 4, 'Email4');
INSERT INTO incidencia(anomalia_id, item_id, email) VALUES (3, 19, 'Email7');
INSERT INTO incidencia(anomalia_id, item_id, email) VALUES (4, 14, 'Email16');
INSERT INTO incidencia(anomalia_id, item_id, email) VALUES (5, 5, 'Email7');
INSERT INTO incidencia(anomalia_id, item_id, email) VALUES (6, 19, 'Email9');
INSERT INTO incidencia(anomalia_id, item_id, email) VALUES (7, 16, 'Email24');
INSERT INTO incidencia(anomalia_id, item_id, email) VALUES (8, 16, 'Email18');
INSERT INTO incidencia(anomalia_id, item_id, email) VALUES (9, 6, 'Email36');
INSERT INTO incidencia(anomalia_id, item_id, email) VALUES (10, 8, 'Email17');
INSERT INTO incidencia(anomalia_id, item_id, email) VALUES (11, 27, 'Email12');
INSERT INTO incidencia(anomalia_id, item_id, email) VALUES (12, 12, 'Email46');
INSERT INTO incidencia(anomalia_id, item_id, email) VALUES (13, 6, 'Email5');
INSERT INTO incidencia(anomalia_id, item_id, email) VALUES (14, 15, 'Email34');
INSERT INTO incidencia(anomalia_id, item_id, email) VALUES (15, 22, 'Email21');
INSERT INTO incidencia(anomalia_id, item_id, email) VALUES (16, 28, 'Email10');
INSERT INTO incidencia(anomalia_id, item_id, email) VALUES (17, 18, 'Email20');
INSERT INTO incidencia(anomalia_id, item_id, email) VALUES (18, 25, 'Email49');
INSERT INTO incidencia(anomalia_id, item_id, email) VALUES (19, 18, 'Email8');
INSERT INTO incidencia(anomalia_id, item_id, email) VALUES (20, 23, 'Email32');
INSERT INTO incidencia(anomalia_id, item_id, email) VALUES (21, 22, 'Email18');
INSERT INTO incidencia(anomalia_id, item_id, email) VALUES (22, 25, 'Email42');
INSERT INTO incidencia(anomalia_id, item_id, email) VALUES (23, 5, 'Email27');
INSERT INTO incidencia(anomalia_id, item_id, email) VALUES (24, 11, 'Email49');
INSERT INTO incidencia(anomalia_id, item_id, email) VALUES (25, 15, 'Email23');

-- Populate Proposta de Correcao
INSERT INTO proposta_de_correcao(email, nro, data_hora, texto) VALUES ('Email4', 1, '2019/02/09 06:53:00', 'Texto2');
INSERT INTO proposta_de_correcao(email, nro, data_hora, texto) VALUES ('Email4', 2, '2019/03/24 18:06:00', 'Texto2');
INSERT INTO proposta_de_correcao(email, nro, data_hora, texto) VALUES ('Email4', 3, '2019/08/10 01:48:00', 'Texto2');
INSERT INTO proposta_de_correcao(email, nro, data_hora, texto) VALUES ('Email8', 1, '2019/07/12 07:18:00', 'Texto4');
INSERT INTO proposta_de_correcao(email, nro, data_hora, texto) VALUES ('Email12', 1, '2019/07/08 01:34:00', 'Texto6');
INSERT INTO proposta_de_correcao(email, nro, data_hora, texto) VALUES ('Email12', 2, '2019/02/23 10:31:00', 'Texto6');
INSERT INTO proposta_de_correcao(email, nro, data_hora, texto) VALUES ('Email12', 3, '2019/07/27 10:22:00', 'Texto6');
INSERT INTO proposta_de_correcao(email, nro, data_hora, texto) VALUES ('Email16', 1, '2019/04/27 18:00:00', 'Texto8');
INSERT INTO proposta_de_correcao(email, nro, data_hora, texto) VALUES ('Email16', 2, '2019/04/22 15:07:00', 'Texto8');
INSERT INTO proposta_de_correcao(email, nro, data_hora, texto) VALUES ('Email16', 3, '2019/08/27 03:23:00', 'Texto8');
INSERT INTO proposta_de_correcao(email, nro, data_hora, texto) VALUES ('Email28', 1, '2019/09/23 14:56:00', 'Texto14');
INSERT INTO proposta_de_correcao(email, nro, data_hora, texto) VALUES ('Email28', 2, '2019/10/11 13:19:00', 'Texto14');
INSERT INTO proposta_de_correcao(email, nro, data_hora, texto) VALUES ('Email32', 1, '2018/03/06 08:43:00', 'Texto16');
INSERT INTO proposta_de_correcao(email, nro, data_hora, texto) VALUES ('Email32', 2, '2018/02/24 10:42:00', 'Texto16');
INSERT INTO proposta_de_correcao(email, nro, data_hora, texto) VALUES ('Email32', 3, '2019/11/09 13:09:00', 'Texto16');
INSERT INTO proposta_de_correcao(email, nro, data_hora, texto) VALUES ('Email36', 1, '2019/08/07 12:41:00', 'Texto18');
INSERT INTO proposta_de_correcao(email, nro, data_hora, texto) VALUES ('Email36', 2, '2018/03/30 15:02:00', 'Texto18');
INSERT INTO proposta_de_correcao(email, nro, data_hora, texto) VALUES ('Email40', 1, '2019/04/07 15:12:00', 'Texto20');
INSERT INTO proposta_de_correcao(email, nro, data_hora, texto) VALUES ('Email40', 2, '2018/04/11 16:48:00', 'Texto20');
INSERT INTO proposta_de_correcao(email, nro, data_hora, texto) VALUES ('Email40', 3, '2018/10/14 07:24:00', 'Texto20');
INSERT INTO proposta_de_correcao(email, nro, data_hora, texto) VALUES ('Email48', 1, '2018/01/09 19:59:00', 'Texto24');
INSERT INTO proposta_de_correcao(email, nro, data_hora, texto) VALUES ('Email48', 2, '2018/10/13 22:41:00', 'Texto24');
INSERT INTO proposta_de_correcao(email, nro, data_hora, texto) VALUES ('Email48', 3, '2018/08/31 11:19:00', 'Texto24');

-- Populate Correcao
INSERT INTO correcao(email, nro, anomalia_id) VALUES ('Email4', 1, 14);
INSERT INTO correcao(email, nro, anomalia_id) VALUES ('Email4', 2, 3);
INSERT INTO correcao(email, nro, anomalia_id) VALUES ('Email4', 3, 14);
INSERT INTO correcao(email, nro, anomalia_id) VALUES ('Email8', 1, 16);
INSERT INTO correcao(email, nro, anomalia_id) VALUES ('Email12', 1, 4);
INSERT INTO correcao(email, nro, anomalia_id) VALUES ('Email12', 2, 23);
INSERT INTO correcao(email, nro, anomalia_id) VALUES ('Email12', 3, 9);
INSERT INTO correcao(email, nro, anomalia_id) VALUES ('Email16', 1, 16);
INSERT INTO correcao(email, nro, anomalia_id) VALUES ('Email16', 2, 20);
INSERT INTO correcao(email, nro, anomalia_id) VALUES ('Email16', 3, 9);
INSERT INTO correcao(email, nro, anomalia_id) VALUES ('Email28', 1, 17);
INSERT INTO correcao(email, nro, anomalia_id) VALUES ('Email28', 2, 14);
INSERT INTO correcao(email, nro, anomalia_id) VALUES ('Email32', 1, 10);
INSERT INTO correcao(email, nro, anomalia_id) VALUES ('Email32', 2, 19);
INSERT INTO correcao(email, nro, anomalia_id) VALUES ('Email32', 3, 20);
INSERT INTO correcao(email, nro, anomalia_id) VALUES ('Email36', 1, 7);
INSERT INTO correcao(email, nro, anomalia_id) VALUES ('Email36', 2, 11);
INSERT INTO correcao(email, nro, anomalia_id) VALUES ('Email40', 1, 25);
INSERT INTO correcao(email, nro, anomalia_id) VALUES ('Email40', 2, 17);
INSERT INTO correcao(email, nro, anomalia_id) VALUES ('Email40', 3, 3);
INSERT INTO correcao(email, nro, anomalia_id) VALUES ('Email48', 1, 10);
INSERT INTO correcao(email, nro, anomalia_id) VALUES ('Email48', 2, 12);
INSERT INTO correcao(email, nro, anomalia_id) VALUES ('Email48', 3, 8);
