-- Populate Utilizador
INSERT INTO utilizador(email, password) VALUES ('Utilizador0', 'password0');
INSERT INTO utilizador(email, password) VALUES ('Utilizador1', 'password1');
INSERT INTO utilizador(email, password) VALUES ('Utilizador2', 'password2');
INSERT INTO utilizador(email, password) VALUES ('Utilizador3', 'password3');
INSERT INTO utilizador(email, password) VALUES ('Utilizador4', 'password4');
INSERT INTO utilizador(email, password) VALUES ('Utilizador5', 'password5');
INSERT INTO utilizador(email, password) VALUES ('Utilizador6', 'password6');
INSERT INTO utilizador(email, password) VALUES ('Utilizador7', 'password7');
INSERT INTO utilizador(email, password) VALUES ('Utilizador8', 'password8');
INSERT INTO utilizador(email, password) VALUES ('Utilizador9', 'password9');
INSERT INTO utilizador(email, password) VALUES ('Utilizador10', 'password10');
INSERT INTO utilizador(email, password) VALUES ('Utilizador11', 'password11');
INSERT INTO utilizador(email, password) VALUES ('Utilizador12', 'password12');
INSERT INTO utilizador(email, password) VALUES ('Utilizador13', 'password13');
INSERT INTO utilizador(email, password) VALUES ('Utilizador14', 'password14');
INSERT INTO utilizador(email, password) VALUES ('Utilizador15', 'password15');
INSERT INTO utilizador(email, password) VALUES ('Utilizador16', 'password16');
INSERT INTO utilizador(email, password) VALUES ('Utilizador17', 'password17');
INSERT INTO utilizador(email, password) VALUES ('Utilizador18', 'password18');
INSERT INTO utilizador(email, password) VALUES ('Utilizador19', 'password19');
INSERT INTO utilizador(email, password) VALUES ('Utilizador20', 'password20');
INSERT INTO utilizador(email, password) VALUES ('Utilizador21', 'password21');
INSERT INTO utilizador(email, password) VALUES ('Utilizador22', 'password22');
INSERT INTO utilizador(email, password) VALUES ('Utilizador23', 'password23');
INSERT INTO utilizador(email, password) VALUES ('Utilizador24', 'password24');
INSERT INTO utilizador(email, password) VALUES ('Utilizador25', 'password25');
INSERT INTO utilizador(email, password) VALUES ('Utilizador26', 'password26');
INSERT INTO utilizador(email, password) VALUES ('Utilizador27', 'password27');
INSERT INTO utilizador(email, password) VALUES ('Utilizador28', 'password28');
INSERT INTO utilizador(email, password) VALUES ('Utilizador29', 'password29');
INSERT INTO utilizador(email, password) VALUES ('Utilizador30', 'password30');
INSERT INTO utilizador(email, password) VALUES ('Utilizador31', 'password31');
INSERT INTO utilizador(email, password) VALUES ('Utilizador32', 'password32');
INSERT INTO utilizador(email, password) VALUES ('Utilizador33', 'password33');
INSERT INTO utilizador(email, password) VALUES ('Utilizador34', 'password34');
INSERT INTO utilizador(email, password) VALUES ('Utilizador35', 'password35');
INSERT INTO utilizador(email, password) VALUES ('Utilizador36', 'password36');
INSERT INTO utilizador(email, password) VALUES ('Utilizador37', 'password37');
INSERT INTO utilizador(email, password) VALUES ('Utilizador38', 'password38');
INSERT INTO utilizador(email, password) VALUES ('Utilizador39', 'password39');
INSERT INTO utilizador(email, password) VALUES ('Utilizador40', 'password40');
INSERT INTO utilizador(email, password) VALUES ('Utilizador41', 'password41');
INSERT INTO utilizador(email, password) VALUES ('Utilizador42', 'password42');
INSERT INTO utilizador(email, password) VALUES ('Utilizador43', 'password43');
INSERT INTO utilizador(email, password) VALUES ('Utilizador44', 'password44');
INSERT INTO utilizador(email, password) VALUES ('Utilizador45', 'password45');
INSERT INTO utilizador(email, password) VALUES ('Utilizador46', 'password46');
INSERT INTO utilizador(email, password) VALUES ('Utilizador47', 'password47');
INSERT INTO utilizador(email, password) VALUES ('Utilizador48', 'password48');
INSERT INTO utilizador(email, password) VALUES ('Utilizador49', 'password49');
INSERT INTO utilizador(email, password) VALUES ('Utilizador50', 'password50');
INSERT INTO utilizador(email, password) VALUES ('Utilizador51', 'password51');
INSERT INTO utilizador(email, password) VALUES ('Utilizador52', 'password52');
INSERT INTO utilizador(email, password) VALUES ('Utilizador53', 'password53');
INSERT INTO utilizador(email, password) VALUES ('Utilizador54', 'password54');
INSERT INTO utilizador(email, password) VALUES ('Utilizador55', 'password55');
INSERT INTO utilizador(email, password) VALUES ('Utilizador56', 'password56');
INSERT INTO utilizador(email, password) VALUES ('Utilizador57', 'password57');
INSERT INTO utilizador(email, password) VALUES ('Utilizador58', 'password58');
INSERT INTO utilizador(email, password) VALUES ('Utilizador59', 'password59');
INSERT INTO utilizador(email, password) VALUES ('Utilizador60', 'password60');
INSERT INTO utilizador(email, password) VALUES ('Utilizador61', 'password61');
INSERT INTO utilizador(email, password) VALUES ('Utilizador62', 'password62');
INSERT INTO utilizador(email, password) VALUES ('Utilizador63', 'password63');
INSERT INTO utilizador(email, password) VALUES ('Utilizador64', 'password64');
INSERT INTO utilizador(email, password) VALUES ('Utilizador65', 'password65');
INSERT INTO utilizador(email, password) VALUES ('Utilizador66', 'password66');
INSERT INTO utilizador(email, password) VALUES ('Utilizador67', 'password67');
INSERT INTO utilizador(email, password) VALUES ('Utilizador68', 'password68');
INSERT INTO utilizador(email, password) VALUES ('Utilizador69', 'password69');
INSERT INTO utilizador(email, password) VALUES ('Utilizador70', 'password70');
INSERT INTO utilizador(email, password) VALUES ('Utilizador71', 'password71');
INSERT INTO utilizador(email, password) VALUES ('Utilizador72', 'password72');
INSERT INTO utilizador(email, password) VALUES ('Utilizador73', 'password73');
INSERT INTO utilizador(email, password) VALUES ('Utilizador74', 'password74');
INSERT INTO utilizador(email, password) VALUES ('Utilizador75', 'password75');
INSERT INTO utilizador(email, password) VALUES ('Utilizador76', 'password76');
INSERT INTO utilizador(email, password) VALUES ('Utilizador77', 'password77');
INSERT INTO utilizador(email, password) VALUES ('Utilizador78', 'password78');
INSERT INTO utilizador(email, password) VALUES ('Utilizador79', 'password79');
INSERT INTO utilizador(email, password) VALUES ('Utilizador80', 'password80');
INSERT INTO utilizador(email, password) VALUES ('Utilizador81', 'password81');
INSERT INTO utilizador(email, password) VALUES ('Utilizador82', 'password82');
INSERT INTO utilizador(email, password) VALUES ('Utilizador83', 'password83');
INSERT INTO utilizador(email, password) VALUES ('Utilizador84', 'password84');
INSERT INTO utilizador(email, password) VALUES ('Utilizador85', 'password85');
INSERT INTO utilizador(email, password) VALUES ('Utilizador86', 'password86');
INSERT INTO utilizador(email, password) VALUES ('Utilizador87', 'password87');
INSERT INTO utilizador(email, password) VALUES ('Utilizador88', 'password88');
INSERT INTO utilizador(email, password) VALUES ('Utilizador89', 'password89');
INSERT INTO utilizador(email, password) VALUES ('Utilizador90', 'password90');
INSERT INTO utilizador(email, password) VALUES ('Utilizador91', 'password91');
INSERT INTO utilizador(email, password) VALUES ('Utilizador92', 'password92');
INSERT INTO utilizador(email, password) VALUES ('Utilizador93', 'password93');
INSERT INTO utilizador(email, password) VALUES ('Utilizador94', 'password94');
INSERT INTO utilizador(email, password) VALUES ('Utilizador95', 'password95');
INSERT INTO utilizador(email, password) VALUES ('Utilizador96', 'password96');
INSERT INTO utilizador(email, password) VALUES ('Utilizador97', 'password97');
INSERT INTO utilizador(email, password) VALUES ('Utilizador98', 'password98');
INSERT INTO utilizador(email, password) VALUES ('Utilizador99', 'password99');

-- Populate Utilizador Qualificado
INSERT INTO utilizador_qualificado(email) VALUES ('Utilizador0');
INSERT INTO utilizador_qualificado(email) VALUES ('Utilizador2');
INSERT INTO utilizador_qualificado(email) VALUES ('Utilizador4');
INSERT INTO utilizador_qualificado(email) VALUES ('Utilizador6');
INSERT INTO utilizador_qualificado(email) VALUES ('Utilizador8');
INSERT INTO utilizador_qualificado(email) VALUES ('Utilizador10');
INSERT INTO utilizador_qualificado(email) VALUES ('Utilizador12');
INSERT INTO utilizador_qualificado(email) VALUES ('Utilizador14');
INSERT INTO utilizador_qualificado(email) VALUES ('Utilizador16');
INSERT INTO utilizador_qualificado(email) VALUES ('Utilizador18');
INSERT INTO utilizador_qualificado(email) VALUES ('Utilizador20');
INSERT INTO utilizador_qualificado(email) VALUES ('Utilizador22');
INSERT INTO utilizador_qualificado(email) VALUES ('Utilizador24');
INSERT INTO utilizador_qualificado(email) VALUES ('Utilizador26');
INSERT INTO utilizador_qualificado(email) VALUES ('Utilizador28');
INSERT INTO utilizador_qualificado(email) VALUES ('Utilizador30');
INSERT INTO utilizador_qualificado(email) VALUES ('Utilizador32');
INSERT INTO utilizador_qualificado(email) VALUES ('Utilizador34');
INSERT INTO utilizador_qualificado(email) VALUES ('Utilizador36');
INSERT INTO utilizador_qualificado(email) VALUES ('Utilizador38');
INSERT INTO utilizador_qualificado(email) VALUES ('Utilizador40');
INSERT INTO utilizador_qualificado(email) VALUES ('Utilizador42');
INSERT INTO utilizador_qualificado(email) VALUES ('Utilizador44');
INSERT INTO utilizador_qualificado(email) VALUES ('Utilizador46');
INSERT INTO utilizador_qualificado(email) VALUES ('Utilizador48');
INSERT INTO utilizador_qualificado(email) VALUES ('Utilizador50');
INSERT INTO utilizador_qualificado(email) VALUES ('Utilizador52');
INSERT INTO utilizador_qualificado(email) VALUES ('Utilizador54');
INSERT INTO utilizador_qualificado(email) VALUES ('Utilizador56');
INSERT INTO utilizador_qualificado(email) VALUES ('Utilizador58');
INSERT INTO utilizador_qualificado(email) VALUES ('Utilizador60');
INSERT INTO utilizador_qualificado(email) VALUES ('Utilizador62');
INSERT INTO utilizador_qualificado(email) VALUES ('Utilizador64');
INSERT INTO utilizador_qualificado(email) VALUES ('Utilizador66');
INSERT INTO utilizador_qualificado(email) VALUES ('Utilizador68');
INSERT INTO utilizador_qualificado(email) VALUES ('Utilizador70');
INSERT INTO utilizador_qualificado(email) VALUES ('Utilizador72');
INSERT INTO utilizador_qualificado(email) VALUES ('Utilizador74');
INSERT INTO utilizador_qualificado(email) VALUES ('Utilizador76');
INSERT INTO utilizador_qualificado(email) VALUES ('Utilizador78');
INSERT INTO utilizador_qualificado(email) VALUES ('Utilizador80');
INSERT INTO utilizador_qualificado(email) VALUES ('Utilizador82');
INSERT INTO utilizador_qualificado(email) VALUES ('Utilizador84');
INSERT INTO utilizador_qualificado(email) VALUES ('Utilizador86');
INSERT INTO utilizador_qualificado(email) VALUES ('Utilizador88');
INSERT INTO utilizador_qualificado(email) VALUES ('Utilizador90');
INSERT INTO utilizador_qualificado(email) VALUES ('Utilizador92');
INSERT INTO utilizador_qualificado(email) VALUES ('Utilizador94');
INSERT INTO utilizador_qualificado(email) VALUES ('Utilizador96');
INSERT INTO utilizador_qualificado(email) VALUES ('Utilizador98');

-- Populate Utilizador Regular
INSERT INTO utilizador_regular(email) VALUES ('Utilizador1');
INSERT INTO utilizador_regular(email) VALUES ('Utilizador3');
INSERT INTO utilizador_regular(email) VALUES ('Utilizador5');
INSERT INTO utilizador_regular(email) VALUES ('Utilizador7');
INSERT INTO utilizador_regular(email) VALUES ('Utilizador9');
INSERT INTO utilizador_regular(email) VALUES ('Utilizador11');
INSERT INTO utilizador_regular(email) VALUES ('Utilizador13');
INSERT INTO utilizador_regular(email) VALUES ('Utilizador15');
INSERT INTO utilizador_regular(email) VALUES ('Utilizador17');
INSERT INTO utilizador_regular(email) VALUES ('Utilizador19');
INSERT INTO utilizador_regular(email) VALUES ('Utilizador21');
INSERT INTO utilizador_regular(email) VALUES ('Utilizador23');
INSERT INTO utilizador_regular(email) VALUES ('Utilizador25');
INSERT INTO utilizador_regular(email) VALUES ('Utilizador27');
INSERT INTO utilizador_regular(email) VALUES ('Utilizador29');
INSERT INTO utilizador_regular(email) VALUES ('Utilizador31');
INSERT INTO utilizador_regular(email) VALUES ('Utilizador33');
INSERT INTO utilizador_regular(email) VALUES ('Utilizador35');
INSERT INTO utilizador_regular(email) VALUES ('Utilizador37');
INSERT INTO utilizador_regular(email) VALUES ('Utilizador39');
INSERT INTO utilizador_regular(email) VALUES ('Utilizador41');
INSERT INTO utilizador_regular(email) VALUES ('Utilizador43');
INSERT INTO utilizador_regular(email) VALUES ('Utilizador45');
INSERT INTO utilizador_regular(email) VALUES ('Utilizador47');
INSERT INTO utilizador_regular(email) VALUES ('Utilizador49');
INSERT INTO utilizador_regular(email) VALUES ('Utilizador51');
INSERT INTO utilizador_regular(email) VALUES ('Utilizador53');
INSERT INTO utilizador_regular(email) VALUES ('Utilizador55');
INSERT INTO utilizador_regular(email) VALUES ('Utilizador57');
INSERT INTO utilizador_regular(email) VALUES ('Utilizador59');
INSERT INTO utilizador_regular(email) VALUES ('Utilizador61');
INSERT INTO utilizador_regular(email) VALUES ('Utilizador63');
INSERT INTO utilizador_regular(email) VALUES ('Utilizador65');
INSERT INTO utilizador_regular(email) VALUES ('Utilizador67');
INSERT INTO utilizador_regular(email) VALUES ('Utilizador69');
INSERT INTO utilizador_regular(email) VALUES ('Utilizador71');
INSERT INTO utilizador_regular(email) VALUES ('Utilizador73');
INSERT INTO utilizador_regular(email) VALUES ('Utilizador75');
INSERT INTO utilizador_regular(email) VALUES ('Utilizador77');
INSERT INTO utilizador_regular(email) VALUES ('Utilizador79');
INSERT INTO utilizador_regular(email) VALUES ('Utilizador81');
INSERT INTO utilizador_regular(email) VALUES ('Utilizador83');
INSERT INTO utilizador_regular(email) VALUES ('Utilizador85');
INSERT INTO utilizador_regular(email) VALUES ('Utilizador87');
INSERT INTO utilizador_regular(email) VALUES ('Utilizador89');
INSERT INTO utilizador_regular(email) VALUES ('Utilizador91');
INSERT INTO utilizador_regular(email) VALUES ('Utilizador93');
INSERT INTO utilizador_regular(email) VALUES ('Utilizador95');
INSERT INTO utilizador_regular(email) VALUES ('Utilizador97');
INSERT INTO utilizador_regular(email) VALUES ('Utilizador99');

-- Populate Local Publico
INSERT INTO local_publico(latitude, longitude, nome) VALUES (-50, -50, 'LocalPublico0');
INSERT INTO local_publico(latitude, longitude, nome) VALUES (-50, -40, 'LocalPublico1');
INSERT INTO local_publico(latitude, longitude, nome) VALUES (-50, -30, 'LocalPublico2');
INSERT INTO local_publico(latitude, longitude, nome) VALUES (-50, -20, 'LocalPublico3');
INSERT INTO local_publico(latitude, longitude, nome) VALUES (-50, -10, 'LocalPublico4');
INSERT INTO local_publico(latitude, longitude, nome) VALUES (-50, 0, 'LocalPublico5');
INSERT INTO local_publico(latitude, longitude, nome) VALUES (-50, 10, 'LocalPublico6');
INSERT INTO local_publico(latitude, longitude, nome) VALUES (-50, 20, 'LocalPublico7');
INSERT INTO local_publico(latitude, longitude, nome) VALUES (-50, 30, 'LocalPublico8');
INSERT INTO local_publico(latitude, longitude, nome) VALUES (-50, 40, 'LocalPublico9');
INSERT INTO local_publico(latitude, longitude, nome) VALUES (-40, -50, 'LocalPublico10');
INSERT INTO local_publico(latitude, longitude, nome) VALUES (-40, -40, 'LocalPublico11');
INSERT INTO local_publico(latitude, longitude, nome) VALUES (-40, -30, 'LocalPublico12');
INSERT INTO local_publico(latitude, longitude, nome) VALUES (-40, -20, 'LocalPublico13');
INSERT INTO local_publico(latitude, longitude, nome) VALUES (-40, -10, 'LocalPublico14');
INSERT INTO local_publico(latitude, longitude, nome) VALUES (-40, 0, 'LocalPublico15');
INSERT INTO local_publico(latitude, longitude, nome) VALUES (-40, 10, 'LocalPublico16');
INSERT INTO local_publico(latitude, longitude, nome) VALUES (-40, 20, 'LocalPublico17');
INSERT INTO local_publico(latitude, longitude, nome) VALUES (-40, 30, 'LocalPublico18');
INSERT INTO local_publico(latitude, longitude, nome) VALUES (-40, 40, 'LocalPublico19');
INSERT INTO local_publico(latitude, longitude, nome) VALUES (-30, -50, 'LocalPublico20');
INSERT INTO local_publico(latitude, longitude, nome) VALUES (-30, -40, 'LocalPublico21');
INSERT INTO local_publico(latitude, longitude, nome) VALUES (-30, -30, 'LocalPublico22');
INSERT INTO local_publico(latitude, longitude, nome) VALUES (-30, -20, 'LocalPublico23');
INSERT INTO local_publico(latitude, longitude, nome) VALUES (-30, -10, 'LocalPublico24');
INSERT INTO local_publico(latitude, longitude, nome) VALUES (-30, 0, 'LocalPublico25');
INSERT INTO local_publico(latitude, longitude, nome) VALUES (-30, 10, 'LocalPublico26');
INSERT INTO local_publico(latitude, longitude, nome) VALUES (-30, 20, 'LocalPublico27');
INSERT INTO local_publico(latitude, longitude, nome) VALUES (-30, 30, 'LocalPublico28');
INSERT INTO local_publico(latitude, longitude, nome) VALUES (-30, 40, 'LocalPublico29');
INSERT INTO local_publico(latitude, longitude, nome) VALUES (-20, -50, 'LocalPublico30');
INSERT INTO local_publico(latitude, longitude, nome) VALUES (-20, -40, 'LocalPublico31');
INSERT INTO local_publico(latitude, longitude, nome) VALUES (-20, -30, 'LocalPublico32');
INSERT INTO local_publico(latitude, longitude, nome) VALUES (-20, -20, 'LocalPublico33');
INSERT INTO local_publico(latitude, longitude, nome) VALUES (-20, -10, 'LocalPublico34');
INSERT INTO local_publico(latitude, longitude, nome) VALUES (-20, 0, 'LocalPublico35');
INSERT INTO local_publico(latitude, longitude, nome) VALUES (-20, 10, 'LocalPublico36');
INSERT INTO local_publico(latitude, longitude, nome) VALUES (-20, 20, 'LocalPublico37');
INSERT INTO local_publico(latitude, longitude, nome) VALUES (-20, 30, 'LocalPublico38');
INSERT INTO local_publico(latitude, longitude, nome) VALUES (-20, 40, 'LocalPublico39');
INSERT INTO local_publico(latitude, longitude, nome) VALUES (-10, -50, 'LocalPublico40');
INSERT INTO local_publico(latitude, longitude, nome) VALUES (-10, -40, 'LocalPublico41');
INSERT INTO local_publico(latitude, longitude, nome) VALUES (-10, -30, 'LocalPublico42');
INSERT INTO local_publico(latitude, longitude, nome) VALUES (-10, -20, 'LocalPublico43');
INSERT INTO local_publico(latitude, longitude, nome) VALUES (-10, -10, 'LocalPublico44');
INSERT INTO local_publico(latitude, longitude, nome) VALUES (-10, 0, 'LocalPublico45');
INSERT INTO local_publico(latitude, longitude, nome) VALUES (-10, 10, 'LocalPublico46');
INSERT INTO local_publico(latitude, longitude, nome) VALUES (-10, 20, 'LocalPublico47');
INSERT INTO local_publico(latitude, longitude, nome) VALUES (-10, 30, 'LocalPublico48');
INSERT INTO local_publico(latitude, longitude, nome) VALUES (-10, 40, 'LocalPublico49');
INSERT INTO local_publico(latitude, longitude, nome) VALUES (0, -50, 'LocalPublico50');
INSERT INTO local_publico(latitude, longitude, nome) VALUES (0, -40, 'LocalPublico51');
INSERT INTO local_publico(latitude, longitude, nome) VALUES (0, -30, 'LocalPublico52');
INSERT INTO local_publico(latitude, longitude, nome) VALUES (0, -20, 'LocalPublico53');
INSERT INTO local_publico(latitude, longitude, nome) VALUES (0, -10, 'LocalPublico54');
INSERT INTO local_publico(latitude, longitude, nome) VALUES (0, 0, 'LocalPublico55');
INSERT INTO local_publico(latitude, longitude, nome) VALUES (0, 10, 'LocalPublico56');
INSERT INTO local_publico(latitude, longitude, nome) VALUES (0, 20, 'LocalPublico57');
INSERT INTO local_publico(latitude, longitude, nome) VALUES (0, 30, 'LocalPublico58');
INSERT INTO local_publico(latitude, longitude, nome) VALUES (0, 40, 'LocalPublico59');
INSERT INTO local_publico(latitude, longitude, nome) VALUES (10, -50, 'LocalPublico60');
INSERT INTO local_publico(latitude, longitude, nome) VALUES (10, -40, 'LocalPublico61');
INSERT INTO local_publico(latitude, longitude, nome) VALUES (10, -30, 'LocalPublico62');
INSERT INTO local_publico(latitude, longitude, nome) VALUES (10, -20, 'LocalPublico63');
INSERT INTO local_publico(latitude, longitude, nome) VALUES (10, -10, 'LocalPublico64');
INSERT INTO local_publico(latitude, longitude, nome) VALUES (10, 0, 'LocalPublico65');
INSERT INTO local_publico(latitude, longitude, nome) VALUES (10, 10, 'LocalPublico66');
INSERT INTO local_publico(latitude, longitude, nome) VALUES (10, 20, 'LocalPublico67');
INSERT INTO local_publico(latitude, longitude, nome) VALUES (10, 30, 'LocalPublico68');
INSERT INTO local_publico(latitude, longitude, nome) VALUES (10, 40, 'LocalPublico69');
INSERT INTO local_publico(latitude, longitude, nome) VALUES (20, -50, 'LocalPublico70');
INSERT INTO local_publico(latitude, longitude, nome) VALUES (20, -40, 'LocalPublico71');
INSERT INTO local_publico(latitude, longitude, nome) VALUES (20, -30, 'LocalPublico72');
INSERT INTO local_publico(latitude, longitude, nome) VALUES (20, -20, 'LocalPublico73');
INSERT INTO local_publico(latitude, longitude, nome) VALUES (20, -10, 'LocalPublico74');
INSERT INTO local_publico(latitude, longitude, nome) VALUES (20, 0, 'LocalPublico75');
INSERT INTO local_publico(latitude, longitude, nome) VALUES (20, 10, 'LocalPublico76');
INSERT INTO local_publico(latitude, longitude, nome) VALUES (20, 20, 'LocalPublico77');
INSERT INTO local_publico(latitude, longitude, nome) VALUES (20, 30, 'LocalPublico78');
INSERT INTO local_publico(latitude, longitude, nome) VALUES (20, 40, 'LocalPublico79');
INSERT INTO local_publico(latitude, longitude, nome) VALUES (30, -50, 'LocalPublico80');
INSERT INTO local_publico(latitude, longitude, nome) VALUES (30, -40, 'LocalPublico81');
INSERT INTO local_publico(latitude, longitude, nome) VALUES (30, -30, 'LocalPublico82');
INSERT INTO local_publico(latitude, longitude, nome) VALUES (30, -20, 'LocalPublico83');
INSERT INTO local_publico(latitude, longitude, nome) VALUES (30, -10, 'LocalPublico84');
INSERT INTO local_publico(latitude, longitude, nome) VALUES (30, 0, 'LocalPublico85');
INSERT INTO local_publico(latitude, longitude, nome) VALUES (30, 10, 'LocalPublico86');
INSERT INTO local_publico(latitude, longitude, nome) VALUES (30, 20, 'LocalPublico87');
INSERT INTO local_publico(latitude, longitude, nome) VALUES (30, 30, 'LocalPublico88');
INSERT INTO local_publico(latitude, longitude, nome) VALUES (30, 40, 'LocalPublico89');
INSERT INTO local_publico(latitude, longitude, nome) VALUES (40, -50, 'LocalPublico90');
INSERT INTO local_publico(latitude, longitude, nome) VALUES (40, -40, 'LocalPublico91');
INSERT INTO local_publico(latitude, longitude, nome) VALUES (40, -30, 'LocalPublico92');
INSERT INTO local_publico(latitude, longitude, nome) VALUES (40, -20, 'LocalPublico93');
INSERT INTO local_publico(latitude, longitude, nome) VALUES (40, -10, 'LocalPublico94');
INSERT INTO local_publico(latitude, longitude, nome) VALUES (40, 0, 'LocalPublico95');
INSERT INTO local_publico(latitude, longitude, nome) VALUES (40, 10, 'LocalPublico96');
INSERT INTO local_publico(latitude, longitude, nome) VALUES (40, 20, 'LocalPublico97');
INSERT INTO local_publico(latitude, longitude, nome) VALUES (40, 30, 'LocalPublico98');
INSERT INTO local_publico(latitude, longitude, nome) VALUES (40, 40, 'LocalPublico99');

-- Populate Item
INSERT INTO item(id, descricao, localizacao, latitude, longitude) VALUES (0, 'Descricao0', 'Localizacao0', -50, -50);
INSERT INTO item(id, descricao, localizacao, latitude, longitude) VALUES (1, 'Descricao1', 'Localizacao1', -50, -40);
INSERT INTO item(id, descricao, localizacao, latitude, longitude) VALUES (2, 'Descricao2', 'Localizacao2', -50, -30);
INSERT INTO item(id, descricao, localizacao, latitude, longitude) VALUES (3, 'Descricao3', 'Localizacao3', -50, -20);
INSERT INTO item(id, descricao, localizacao, latitude, longitude) VALUES (4, 'Descricao4', 'Localizacao4', -50, -10);
INSERT INTO item(id, descricao, localizacao, latitude, longitude) VALUES (5, 'Descricao5', 'Localizacao5', -50, 0);
INSERT INTO item(id, descricao, localizacao, latitude, longitude) VALUES (6, 'Descricao6', 'Localizacao6', -50, 10);
INSERT INTO item(id, descricao, localizacao, latitude, longitude) VALUES (7, 'Descricao7', 'Localizacao7', -50, 20);
INSERT INTO item(id, descricao, localizacao, latitude, longitude) VALUES (8, 'Descricao8', 'Localizacao8', -50, 30);
INSERT INTO item(id, descricao, localizacao, latitude, longitude) VALUES (9, 'Descricao9', 'Localizacao9', -50, 40);
INSERT INTO item(id, descricao, localizacao, latitude, longitude) VALUES (10, 'Descricao10', 'Localizacao10', -40, -50);
INSERT INTO item(id, descricao, localizacao, latitude, longitude) VALUES (11, 'Descricao11', 'Localizacao11', -40, -40);
INSERT INTO item(id, descricao, localizacao, latitude, longitude) VALUES (12, 'Descricao12', 'Localizacao12', -40, -30);
INSERT INTO item(id, descricao, localizacao, latitude, longitude) VALUES (13, 'Descricao13', 'Localizacao13', -40, -20);
INSERT INTO item(id, descricao, localizacao, latitude, longitude) VALUES (14, 'Descricao14', 'Localizacao14', -40, -10);
INSERT INTO item(id, descricao, localizacao, latitude, longitude) VALUES (15, 'Descricao15', 'Localizacao15', -40, 0);
INSERT INTO item(id, descricao, localizacao, latitude, longitude) VALUES (16, 'Descricao16', 'Localizacao16', -40, 10);
INSERT INTO item(id, descricao, localizacao, latitude, longitude) VALUES (17, 'Descricao17', 'Localizacao17', -40, 20);
INSERT INTO item(id, descricao, localizacao, latitude, longitude) VALUES (18, 'Descricao18', 'Localizacao18', -40, 30);
INSERT INTO item(id, descricao, localizacao, latitude, longitude) VALUES (19, 'Descricao19', 'Localizacao19', -40, 40);
INSERT INTO item(id, descricao, localizacao, latitude, longitude) VALUES (20, 'Descricao20', 'Localizacao20', -30, -50);
INSERT INTO item(id, descricao, localizacao, latitude, longitude) VALUES (21, 'Descricao21', 'Localizacao21', -30, -40);
INSERT INTO item(id, descricao, localizacao, latitude, longitude) VALUES (22, 'Descricao22', 'Localizacao22', -30, -30);
INSERT INTO item(id, descricao, localizacao, latitude, longitude) VALUES (23, 'Descricao23', 'Localizacao23', -30, -20);
INSERT INTO item(id, descricao, localizacao, latitude, longitude) VALUES (24, 'Descricao24', 'Localizacao24', -30, -10);
INSERT INTO item(id, descricao, localizacao, latitude, longitude) VALUES (25, 'Descricao25', 'Localizacao25', -30, 0);
INSERT INTO item(id, descricao, localizacao, latitude, longitude) VALUES (26, 'Descricao26', 'Localizacao26', -30, 10);
INSERT INTO item(id, descricao, localizacao, latitude, longitude) VALUES (27, 'Descricao27', 'Localizacao27', -30, 20);
INSERT INTO item(id, descricao, localizacao, latitude, longitude) VALUES (28, 'Descricao28', 'Localizacao28', -30, 30);
INSERT INTO item(id, descricao, localizacao, latitude, longitude) VALUES (29, 'Descricao29', 'Localizacao29', -30, 40);
INSERT INTO item(id, descricao, localizacao, latitude, longitude) VALUES (30, 'Descricao30', 'Localizacao30', -20, -50);
INSERT INTO item(id, descricao, localizacao, latitude, longitude) VALUES (31, 'Descricao31', 'Localizacao31', -20, -40);
INSERT INTO item(id, descricao, localizacao, latitude, longitude) VALUES (32, 'Descricao32', 'Localizacao32', -20, -30);
INSERT INTO item(id, descricao, localizacao, latitude, longitude) VALUES (33, 'Descricao33', 'Localizacao33', -20, -20);
INSERT INTO item(id, descricao, localizacao, latitude, longitude) VALUES (34, 'Descricao34', 'Localizacao34', -20, -10);
INSERT INTO item(id, descricao, localizacao, latitude, longitude) VALUES (35, 'Descricao35', 'Localizacao35', -20, 0);
INSERT INTO item(id, descricao, localizacao, latitude, longitude) VALUES (36, 'Descricao36', 'Localizacao36', -20, 10);
INSERT INTO item(id, descricao, localizacao, latitude, longitude) VALUES (37, 'Descricao37', 'Localizacao37', -20, 20);
INSERT INTO item(id, descricao, localizacao, latitude, longitude) VALUES (38, 'Descricao38', 'Localizacao38', -20, 30);
INSERT INTO item(id, descricao, localizacao, latitude, longitude) VALUES (39, 'Descricao39', 'Localizacao39', -20, 40);
INSERT INTO item(id, descricao, localizacao, latitude, longitude) VALUES (40, 'Descricao40', 'Localizacao40', -10, -50);
INSERT INTO item(id, descricao, localizacao, latitude, longitude) VALUES (41, 'Descricao41', 'Localizacao41', -10, -40);
INSERT INTO item(id, descricao, localizacao, latitude, longitude) VALUES (42, 'Descricao42', 'Localizacao42', -10, -30);
INSERT INTO item(id, descricao, localizacao, latitude, longitude) VALUES (43, 'Descricao43', 'Localizacao43', -10, -20);
INSERT INTO item(id, descricao, localizacao, latitude, longitude) VALUES (44, 'Descricao44', 'Localizacao44', -10, -10);
INSERT INTO item(id, descricao, localizacao, latitude, longitude) VALUES (45, 'Descricao45', 'Localizacao45', -10, 0);
INSERT INTO item(id, descricao, localizacao, latitude, longitude) VALUES (46, 'Descricao46', 'Localizacao46', -10, 10);
INSERT INTO item(id, descricao, localizacao, latitude, longitude) VALUES (47, 'Descricao47', 'Localizacao47', -10, 20);
INSERT INTO item(id, descricao, localizacao, latitude, longitude) VALUES (48, 'Descricao48', 'Localizacao48', -10, 30);
INSERT INTO item(id, descricao, localizacao, latitude, longitude) VALUES (49, 'Descricao49', 'Localizacao49', -10, 40);
INSERT INTO item(id, descricao, localizacao, latitude, longitude) VALUES (50, 'Descricao50', 'Localizacao50', 0, -50);
INSERT INTO item(id, descricao, localizacao, latitude, longitude) VALUES (51, 'Descricao51', 'Localizacao51', 0, -40);
INSERT INTO item(id, descricao, localizacao, latitude, longitude) VALUES (52, 'Descricao52', 'Localizacao52', 0, -30);
INSERT INTO item(id, descricao, localizacao, latitude, longitude) VALUES (53, 'Descricao53', 'Localizacao53', 0, -20);
INSERT INTO item(id, descricao, localizacao, latitude, longitude) VALUES (54, 'Descricao54', 'Localizacao54', 0, -10);
INSERT INTO item(id, descricao, localizacao, latitude, longitude) VALUES (55, 'Descricao55', 'Localizacao55', 0, 0);
INSERT INTO item(id, descricao, localizacao, latitude, longitude) VALUES (56, 'Descricao56', 'Localizacao56', 0, 10);
INSERT INTO item(id, descricao, localizacao, latitude, longitude) VALUES (57, 'Descricao57', 'Localizacao57', 0, 20);
INSERT INTO item(id, descricao, localizacao, latitude, longitude) VALUES (58, 'Descricao58', 'Localizacao58', 0, 30);
INSERT INTO item(id, descricao, localizacao, latitude, longitude) VALUES (59, 'Descricao59', 'Localizacao59', 0, 40);
INSERT INTO item(id, descricao, localizacao, latitude, longitude) VALUES (60, 'Descricao60', 'Localizacao60', 10, -50);
INSERT INTO item(id, descricao, localizacao, latitude, longitude) VALUES (61, 'Descricao61', 'Localizacao61', 10, -40);
INSERT INTO item(id, descricao, localizacao, latitude, longitude) VALUES (62, 'Descricao62', 'Localizacao62', 10, -30);
INSERT INTO item(id, descricao, localizacao, latitude, longitude) VALUES (63, 'Descricao63', 'Localizacao63', 10, -20);
INSERT INTO item(id, descricao, localizacao, latitude, longitude) VALUES (64, 'Descricao64', 'Localizacao64', 10, -10);
INSERT INTO item(id, descricao, localizacao, latitude, longitude) VALUES (65, 'Descricao65', 'Localizacao65', 10, 0);
INSERT INTO item(id, descricao, localizacao, latitude, longitude) VALUES (66, 'Descricao66', 'Localizacao66', 10, 10);
INSERT INTO item(id, descricao, localizacao, latitude, longitude) VALUES (67, 'Descricao67', 'Localizacao67', 10, 20);
INSERT INTO item(id, descricao, localizacao, latitude, longitude) VALUES (68, 'Descricao68', 'Localizacao68', 10, 30);
INSERT INTO item(id, descricao, localizacao, latitude, longitude) VALUES (69, 'Descricao69', 'Localizacao69', 10, 40);
INSERT INTO item(id, descricao, localizacao, latitude, longitude) VALUES (70, 'Descricao70', 'Localizacao70', 20, -50);
INSERT INTO item(id, descricao, localizacao, latitude, longitude) VALUES (71, 'Descricao71', 'Localizacao71', 20, -40);
INSERT INTO item(id, descricao, localizacao, latitude, longitude) VALUES (72, 'Descricao72', 'Localizacao72', 20, -30);
INSERT INTO item(id, descricao, localizacao, latitude, longitude) VALUES (73, 'Descricao73', 'Localizacao73', 20, -20);
INSERT INTO item(id, descricao, localizacao, latitude, longitude) VALUES (74, 'Descricao74', 'Localizacao74', 20, -10);
INSERT INTO item(id, descricao, localizacao, latitude, longitude) VALUES (75, 'Descricao75', 'Localizacao75', 20, 0);
INSERT INTO item(id, descricao, localizacao, latitude, longitude) VALUES (76, 'Descricao76', 'Localizacao76', 20, 10);
INSERT INTO item(id, descricao, localizacao, latitude, longitude) VALUES (77, 'Descricao77', 'Localizacao77', 20, 20);
INSERT INTO item(id, descricao, localizacao, latitude, longitude) VALUES (78, 'Descricao78', 'Localizacao78', 20, 30);
INSERT INTO item(id, descricao, localizacao, latitude, longitude) VALUES (79, 'Descricao79', 'Localizacao79', 20, 40);
INSERT INTO item(id, descricao, localizacao, latitude, longitude) VALUES (80, 'Descricao80', 'Localizacao80', 30, -50);
INSERT INTO item(id, descricao, localizacao, latitude, longitude) VALUES (81, 'Descricao81', 'Localizacao81', 30, -40);
INSERT INTO item(id, descricao, localizacao, latitude, longitude) VALUES (82, 'Descricao82', 'Localizacao82', 30, -30);
INSERT INTO item(id, descricao, localizacao, latitude, longitude) VALUES (83, 'Descricao83', 'Localizacao83', 30, -20);
INSERT INTO item(id, descricao, localizacao, latitude, longitude) VALUES (84, 'Descricao84', 'Localizacao84', 30, -10);
INSERT INTO item(id, descricao, localizacao, latitude, longitude) VALUES (85, 'Descricao85', 'Localizacao85', 30, 0);
INSERT INTO item(id, descricao, localizacao, latitude, longitude) VALUES (86, 'Descricao86', 'Localizacao86', 30, 10);
INSERT INTO item(id, descricao, localizacao, latitude, longitude) VALUES (87, 'Descricao87', 'Localizacao87', 30, 20);
INSERT INTO item(id, descricao, localizacao, latitude, longitude) VALUES (88, 'Descricao88', 'Localizacao88', 30, 30);
INSERT INTO item(id, descricao, localizacao, latitude, longitude) VALUES (89, 'Descricao89', 'Localizacao89', 30, 40);
INSERT INTO item(id, descricao, localizacao, latitude, longitude) VALUES (90, 'Descricao90', 'Localizacao90', 40, -50);
INSERT INTO item(id, descricao, localizacao, latitude, longitude) VALUES (91, 'Descricao91', 'Localizacao91', 40, -40);
INSERT INTO item(id, descricao, localizacao, latitude, longitude) VALUES (92, 'Descricao92', 'Localizacao92', 40, -30);
INSERT INTO item(id, descricao, localizacao, latitude, longitude) VALUES (93, 'Descricao93', 'Localizacao93', 40, -20);
INSERT INTO item(id, descricao, localizacao, latitude, longitude) VALUES (94, 'Descricao94', 'Localizacao94', 40, -10);
INSERT INTO item(id, descricao, localizacao, latitude, longitude) VALUES (95, 'Descricao95', 'Localizacao95', 40, 0);
INSERT INTO item(id, descricao, localizacao, latitude, longitude) VALUES (96, 'Descricao96', 'Localizacao96', 40, 10);
INSERT INTO item(id, descricao, localizacao, latitude, longitude) VALUES (97, 'Descricao97', 'Localizacao97', 40, 20);
INSERT INTO item(id, descricao, localizacao, latitude, longitude) VALUES (98, 'Descricao98', 'Localizacao98', 40, 30);
INSERT INTO item(id, descricao, localizacao, latitude, longitude) VALUES (99, 'Descricao99', 'Localizacao99', 40, 40);

-- Populate Anomalia
INSERT INTO anomalia(id, zona, imagem, lingua, ts, descricao, tem_anomalia_redacao) VALUES (0, '0, 0, 1, 1', '1', 'Lingua0', '2013/09/20 13:22:00', 'Descricao0', True);
INSERT INTO anomalia(id, zona, imagem, lingua, ts, descricao, tem_anomalia_redacao) VALUES (1, '-1, -1, 2, 2', '1', 'Lingua1', '2013/09/20 13:17:00', 'Descricao1', False);
INSERT INTO anomalia(id, zona, imagem, lingua, ts, descricao, tem_anomalia_redacao) VALUES (2, '-2, -2, 3, 3', '1', 'Lingua2', '2013/09/20 13:19:00', 'Descricao2', True);
INSERT INTO anomalia(id, zona, imagem, lingua, ts, descricao, tem_anomalia_redacao) VALUES (3, '-3, -3, 4, 4', '1', 'Lingua3', '2013/09/20 13:32:00', 'Descricao3', False);
INSERT INTO anomalia(id, zona, imagem, lingua, ts, descricao, tem_anomalia_redacao) VALUES (4, '-4, -4, 5, 5', '1', 'Lingua4', '2013/09/20 13:42:00', 'Descricao4', True);
INSERT INTO anomalia(id, zona, imagem, lingua, ts, descricao, tem_anomalia_redacao) VALUES (5, '-5, -5, 6, 6', '1', 'Lingua5', '2013/09/20 13:34:00', 'Descricao5', False);
INSERT INTO anomalia(id, zona, imagem, lingua, ts, descricao, tem_anomalia_redacao) VALUES (6, '-6, -6, 7, 7', '1', 'Lingua6', '2013/09/20 13:36:00', 'Descricao6', True);
INSERT INTO anomalia(id, zona, imagem, lingua, ts, descricao, tem_anomalia_redacao) VALUES (7, '-7, -7, 8, 8', '1', 'Lingua7', '2013/09/20 13:03:00', 'Descricao7', False);
INSERT INTO anomalia(id, zona, imagem, lingua, ts, descricao, tem_anomalia_redacao) VALUES (8, '-8, -8, 9, 9', '1', 'Lingua8', '2013/09/20 13:42:00', 'Descricao8', True);
INSERT INTO anomalia(id, zona, imagem, lingua, ts, descricao, tem_anomalia_redacao) VALUES (9, '-9, -9, 10, 10', '1', 'Lingua9', '2013/09/20 13:05:00', 'Descricao9', False);
INSERT INTO anomalia(id, zona, imagem, lingua, ts, descricao, tem_anomalia_redacao) VALUES (10, '-10, -10, 11, 11', '1', 'Lingua10', '2013/09/20 13:21:00', 'Descricao10', True);
INSERT INTO anomalia(id, zona, imagem, lingua, ts, descricao, tem_anomalia_redacao) VALUES (11, '-11, -11, 12, 12', '1', 'Lingua11', '2013/09/20 13:20:00', 'Descricao11', False);
INSERT INTO anomalia(id, zona, imagem, lingua, ts, descricao, tem_anomalia_redacao) VALUES (12, '-12, -12, 13, 13', '1', 'Lingua12', '2013/09/20 13:55:00', 'Descricao12', True);
INSERT INTO anomalia(id, zona, imagem, lingua, ts, descricao, tem_anomalia_redacao) VALUES (13, '-13, -13, 14, 14', '1', 'Lingua13', '2013/09/20 13:29:00', 'Descricao13', False);
INSERT INTO anomalia(id, zona, imagem, lingua, ts, descricao, tem_anomalia_redacao) VALUES (14, '-14, -14, 15, 15', '1', 'Lingua14', '2013/09/20 13:21:00', 'Descricao14', True);
INSERT INTO anomalia(id, zona, imagem, lingua, ts, descricao, tem_anomalia_redacao) VALUES (15, '-15, -15, 16, 16', '1', 'Lingua15', '2013/09/20 13:26:00', 'Descricao15', False);
INSERT INTO anomalia(id, zona, imagem, lingua, ts, descricao, tem_anomalia_redacao) VALUES (16, '-16, -16, 17, 17', '1', 'Lingua16', '2013/09/20 13:55:00', 'Descricao16', True);
INSERT INTO anomalia(id, zona, imagem, lingua, ts, descricao, tem_anomalia_redacao) VALUES (17, '-17, -17, 18, 18', '1', 'Lingua17', '2013/09/20 13:51:00', 'Descricao17', False);
INSERT INTO anomalia(id, zona, imagem, lingua, ts, descricao, tem_anomalia_redacao) VALUES (18, '-18, -18, 19, 19', '1', 'Lingua18', '2013/09/20 13:02:00', 'Descricao18', True);
INSERT INTO anomalia(id, zona, imagem, lingua, ts, descricao, tem_anomalia_redacao) VALUES (19, '-19, -19, 20, 20', '1', 'Lingua19', '2013/09/20 13:49:00', 'Descricao19', False);
INSERT INTO anomalia(id, zona, imagem, lingua, ts, descricao, tem_anomalia_redacao) VALUES (20, '-20, -20, 21, 21', '1', 'Lingua20', '2013/09/20 13:04:00', 'Descricao20', True);
INSERT INTO anomalia(id, zona, imagem, lingua, ts, descricao, tem_anomalia_redacao) VALUES (21, '-21, -21, 22, 22', '1', 'Lingua21', '2013/09/20 13:06:00', 'Descricao21', False);
INSERT INTO anomalia(id, zona, imagem, lingua, ts, descricao, tem_anomalia_redacao) VALUES (22, '-22, -22, 23, 23', '1', 'Lingua22', '2013/09/20 13:57:00', 'Descricao22', True);
INSERT INTO anomalia(id, zona, imagem, lingua, ts, descricao, tem_anomalia_redacao) VALUES (23, '-23, -23, 24, 24', '1', 'Lingua23', '2013/09/20 13:37:00', 'Descricao23', False);
INSERT INTO anomalia(id, zona, imagem, lingua, ts, descricao, tem_anomalia_redacao) VALUES (24, '-24, -24, 25, 25', '1', 'Lingua24', '2013/09/20 13:30:00', 'Descricao24', True);
INSERT INTO anomalia(id, zona, imagem, lingua, ts, descricao, tem_anomalia_redacao) VALUES (25, '-25, -25, 26, 26', '1', 'Lingua25', '2013/09/20 13:03:00', 'Descricao25', False);
INSERT INTO anomalia(id, zona, imagem, lingua, ts, descricao, tem_anomalia_redacao) VALUES (26, '-26, -26, 27, 27', '1', 'Lingua26', '2013/09/20 13:07:00', 'Descricao26', True);
INSERT INTO anomalia(id, zona, imagem, lingua, ts, descricao, tem_anomalia_redacao) VALUES (27, '-27, -27, 28, 28', '1', 'Lingua27', '2013/09/20 13:39:00', 'Descricao27', False);
INSERT INTO anomalia(id, zona, imagem, lingua, ts, descricao, tem_anomalia_redacao) VALUES (28, '-28, -28, 29, 29', '1', 'Lingua28', '2013/09/20 13:14:00', 'Descricao28', True);
INSERT INTO anomalia(id, zona, imagem, lingua, ts, descricao, tem_anomalia_redacao) VALUES (29, '-29, -29, 30, 30', '1', 'Lingua29', '2013/09/20 13:36:00', 'Descricao29', False);
INSERT INTO anomalia(id, zona, imagem, lingua, ts, descricao, tem_anomalia_redacao) VALUES (30, '-30, -30, 31, 31', '1', 'Lingua30', '2013/09/20 13:37:00', 'Descricao30', True);
INSERT INTO anomalia(id, zona, imagem, lingua, ts, descricao, tem_anomalia_redacao) VALUES (31, '-31, -31, 32, 32', '1', 'Lingua31', '2013/09/20 13:54:00', 'Descricao31', False);
INSERT INTO anomalia(id, zona, imagem, lingua, ts, descricao, tem_anomalia_redacao) VALUES (32, '-32, -32, 33, 33', '1', 'Lingua32', '2013/09/20 13:08:00', 'Descricao32', True);
INSERT INTO anomalia(id, zona, imagem, lingua, ts, descricao, tem_anomalia_redacao) VALUES (33, '-33, -33, 34, 34', '1', 'Lingua33', '2013/09/20 13:28:00', 'Descricao33', False);
INSERT INTO anomalia(id, zona, imagem, lingua, ts, descricao, tem_anomalia_redacao) VALUES (34, '-34, -34, 35, 35', '1', 'Lingua34', '2013/09/20 13:20:00', 'Descricao34', True);
INSERT INTO anomalia(id, zona, imagem, lingua, ts, descricao, tem_anomalia_redacao) VALUES (35, '-35, -35, 36, 36', '1', 'Lingua35', '2013/09/20 13:24:00', 'Descricao35', False);
INSERT INTO anomalia(id, zona, imagem, lingua, ts, descricao, tem_anomalia_redacao) VALUES (36, '-36, -36, 37, 37', '1', 'Lingua36', '2013/09/20 13:15:00', 'Descricao36', True);
INSERT INTO anomalia(id, zona, imagem, lingua, ts, descricao, tem_anomalia_redacao) VALUES (37, '-37, -37, 38, 38', '1', 'Lingua37', '2013/09/20 13:05:00', 'Descricao37', False);
INSERT INTO anomalia(id, zona, imagem, lingua, ts, descricao, tem_anomalia_redacao) VALUES (38, '-38, -38, 39, 39', '1', 'Lingua38', '2013/09/20 13:35:00', 'Descricao38', True);
INSERT INTO anomalia(id, zona, imagem, lingua, ts, descricao, tem_anomalia_redacao) VALUES (39, '-39, -39, 40, 40', '1', 'Lingua39', '2013/09/20 13:16:00', 'Descricao39', False);
INSERT INTO anomalia(id, zona, imagem, lingua, ts, descricao, tem_anomalia_redacao) VALUES (40, '-40, -40, 41, 41', '1', 'Lingua40', '2013/09/20 13:07:00', 'Descricao40', True);
INSERT INTO anomalia(id, zona, imagem, lingua, ts, descricao, tem_anomalia_redacao) VALUES (41, '-41, -41, 42, 42', '1', 'Lingua41', '2013/09/20 13:56:00', 'Descricao41', False);
INSERT INTO anomalia(id, zona, imagem, lingua, ts, descricao, tem_anomalia_redacao) VALUES (42, '-42, -42, 43, 43', '1', 'Lingua42', '2013/09/20 13:58:00', 'Descricao42', True);
INSERT INTO anomalia(id, zona, imagem, lingua, ts, descricao, tem_anomalia_redacao) VALUES (43, '-43, -43, 44, 44', '1', 'Lingua43', '2013/09/20 13:53:00', 'Descricao43', False);
INSERT INTO anomalia(id, zona, imagem, lingua, ts, descricao, tem_anomalia_redacao) VALUES (44, '-44, -44, 45, 45', '1', 'Lingua44', '2013/09/20 13:17:00', 'Descricao44', True);
INSERT INTO anomalia(id, zona, imagem, lingua, ts, descricao, tem_anomalia_redacao) VALUES (45, '-45, -45, 46, 46', '1', 'Lingua45', '2013/09/20 13:27:00', 'Descricao45', False);
INSERT INTO anomalia(id, zona, imagem, lingua, ts, descricao, tem_anomalia_redacao) VALUES (46, '-46, -46, 47, 47', '1', 'Lingua46', '2013/09/20 13:24:00', 'Descricao46', True);
INSERT INTO anomalia(id, zona, imagem, lingua, ts, descricao, tem_anomalia_redacao) VALUES (47, '-47, -47, 48, 48', '1', 'Lingua47', '2013/09/20 13:18:00', 'Descricao47', False);
INSERT INTO anomalia(id, zona, imagem, lingua, ts, descricao, tem_anomalia_redacao) VALUES (48, '-48, -48, 49, 49', '1', 'Lingua48', '2013/09/20 13:37:00', 'Descricao48', True);
INSERT INTO anomalia(id, zona, imagem, lingua, ts, descricao, tem_anomalia_redacao) VALUES (49, '-49, -49, 50, 50', '1', 'Lingua49', '2013/09/20 13:49:00', 'Descricao49', False);
INSERT INTO anomalia(id, zona, imagem, lingua, ts, descricao, tem_anomalia_redacao) VALUES (50, '-50, -50, 51, 51', '1', 'Lingua50', '2013/09/20 13:47:00', 'Descricao50', True);
INSERT INTO anomalia(id, zona, imagem, lingua, ts, descricao, tem_anomalia_redacao) VALUES (51, '-51, -51, 52, 52', '1', 'Lingua51', '2013/09/20 13:51:00', 'Descricao51', False);
INSERT INTO anomalia(id, zona, imagem, lingua, ts, descricao, tem_anomalia_redacao) VALUES (52, '-52, -52, 53, 53', '1', 'Lingua52', '2013/09/20 13:33:00', 'Descricao52', True);
INSERT INTO anomalia(id, zona, imagem, lingua, ts, descricao, tem_anomalia_redacao) VALUES (53, '-53, -53, 54, 54', '1', 'Lingua53', '2013/09/20 13:27:00', 'Descricao53', False);
INSERT INTO anomalia(id, zona, imagem, lingua, ts, descricao, tem_anomalia_redacao) VALUES (54, '-54, -54, 55, 55', '1', 'Lingua54', '2013/09/20 13:00:00', 'Descricao54', True);
INSERT INTO anomalia(id, zona, imagem, lingua, ts, descricao, tem_anomalia_redacao) VALUES (55, '-55, -55, 56, 56', '1', 'Lingua55', '2013/09/20 13:03:00', 'Descricao55', False);
INSERT INTO anomalia(id, zona, imagem, lingua, ts, descricao, tem_anomalia_redacao) VALUES (56, '-56, -56, 57, 57', '1', 'Lingua56', '2013/09/20 13:06:00', 'Descricao56', True);
INSERT INTO anomalia(id, zona, imagem, lingua, ts, descricao, tem_anomalia_redacao) VALUES (57, '-57, -57, 58, 58', '1', 'Lingua57', '2013/09/20 13:40:00', 'Descricao57', False);
INSERT INTO anomalia(id, zona, imagem, lingua, ts, descricao, tem_anomalia_redacao) VALUES (58, '-58, -58, 59, 59', '1', 'Lingua58', '2013/09/20 13:19:00', 'Descricao58', True);
INSERT INTO anomalia(id, zona, imagem, lingua, ts, descricao, tem_anomalia_redacao) VALUES (59, '-59, -59, 60, 60', '1', 'Lingua59', '2013/09/20 13:32:00', 'Descricao59', False);
INSERT INTO anomalia(id, zona, imagem, lingua, ts, descricao, tem_anomalia_redacao) VALUES (60, '-60, -60, 61, 61', '1', 'Lingua60', '2013/09/20 13:00:00', 'Descricao60', True);
INSERT INTO anomalia(id, zona, imagem, lingua, ts, descricao, tem_anomalia_redacao) VALUES (61, '-61, -61, 62, 62', '1', 'Lingua61', '2013/09/20 13:30:00', 'Descricao61', False);
INSERT INTO anomalia(id, zona, imagem, lingua, ts, descricao, tem_anomalia_redacao) VALUES (62, '-62, -62, 63, 63', '1', 'Lingua62', '2013/09/20 13:12:00', 'Descricao62', True);
INSERT INTO anomalia(id, zona, imagem, lingua, ts, descricao, tem_anomalia_redacao) VALUES (63, '-63, -63, 64, 64', '1', 'Lingua63', '2013/09/20 13:33:00', 'Descricao63', False);
INSERT INTO anomalia(id, zona, imagem, lingua, ts, descricao, tem_anomalia_redacao) VALUES (64, '-64, -64, 65, 65', '1', 'Lingua64', '2013/09/20 13:50:00', 'Descricao64', True);
INSERT INTO anomalia(id, zona, imagem, lingua, ts, descricao, tem_anomalia_redacao) VALUES (65, '-65, -65, 66, 66', '1', 'Lingua65', '2013/09/20 13:19:00', 'Descricao65', False);
INSERT INTO anomalia(id, zona, imagem, lingua, ts, descricao, tem_anomalia_redacao) VALUES (66, '-66, -66, 67, 67', '1', 'Lingua66', '2013/09/20 13:07:00', 'Descricao66', True);
INSERT INTO anomalia(id, zona, imagem, lingua, ts, descricao, tem_anomalia_redacao) VALUES (67, '-67, -67, 68, 68', '1', 'Lingua67', '2013/09/20 13:57:00', 'Descricao67', False);
INSERT INTO anomalia(id, zona, imagem, lingua, ts, descricao, tem_anomalia_redacao) VALUES (68, '-68, -68, 69, 69', '1', 'Lingua68', '2013/09/20 13:12:00', 'Descricao68', True);
INSERT INTO anomalia(id, zona, imagem, lingua, ts, descricao, tem_anomalia_redacao) VALUES (69, '-69, -69, 70, 70', '1', 'Lingua69', '2013/09/20 13:20:00', 'Descricao69', False);
INSERT INTO anomalia(id, zona, imagem, lingua, ts, descricao, tem_anomalia_redacao) VALUES (70, '-70, -70, 71, 71', '1', 'Lingua70', '2013/09/20 13:31:00', 'Descricao70', True);
INSERT INTO anomalia(id, zona, imagem, lingua, ts, descricao, tem_anomalia_redacao) VALUES (71, '-71, -71, 72, 72', '1', 'Lingua71', '2013/09/20 13:55:00', 'Descricao71', False);
INSERT INTO anomalia(id, zona, imagem, lingua, ts, descricao, tem_anomalia_redacao) VALUES (72, '-72, -72, 73, 73', '1', 'Lingua72', '2013/09/20 13:59:00', 'Descricao72', True);
INSERT INTO anomalia(id, zona, imagem, lingua, ts, descricao, tem_anomalia_redacao) VALUES (73, '-73, -73, 74, 74', '1', 'Lingua73', '2013/09/20 13:12:00', 'Descricao73', False);
INSERT INTO anomalia(id, zona, imagem, lingua, ts, descricao, tem_anomalia_redacao) VALUES (74, '-74, -74, 75, 75', '1', 'Lingua74', '2013/09/20 13:06:00', 'Descricao74', True);
INSERT INTO anomalia(id, zona, imagem, lingua, ts, descricao, tem_anomalia_redacao) VALUES (75, '-75, -75, 76, 76', '1', 'Lingua75', '2013/09/20 13:36:00', 'Descricao75', False);
INSERT INTO anomalia(id, zona, imagem, lingua, ts, descricao, tem_anomalia_redacao) VALUES (76, '-76, -76, 77, 77', '1', 'Lingua76', '2013/09/20 13:11:00', 'Descricao76', True);
INSERT INTO anomalia(id, zona, imagem, lingua, ts, descricao, tem_anomalia_redacao) VALUES (77, '-77, -77, 78, 78', '1', 'Lingua77', '2013/09/20 13:54:00', 'Descricao77', False);
INSERT INTO anomalia(id, zona, imagem, lingua, ts, descricao, tem_anomalia_redacao) VALUES (78, '-78, -78, 79, 79', '1', 'Lingua78', '2013/09/20 13:48:00', 'Descricao78', True);
INSERT INTO anomalia(id, zona, imagem, lingua, ts, descricao, tem_anomalia_redacao) VALUES (79, '-79, -79, 80, 80', '1', 'Lingua79', '2013/09/20 13:37:00', 'Descricao79', False);
INSERT INTO anomalia(id, zona, imagem, lingua, ts, descricao, tem_anomalia_redacao) VALUES (80, '-80, -80, 81, 81', '1', 'Lingua80', '2013/09/20 13:35:00', 'Descricao80', True);
INSERT INTO anomalia(id, zona, imagem, lingua, ts, descricao, tem_anomalia_redacao) VALUES (81, '-81, -81, 82, 82', '1', 'Lingua81', '2013/09/20 13:09:00', 'Descricao81', False);
INSERT INTO anomalia(id, zona, imagem, lingua, ts, descricao, tem_anomalia_redacao) VALUES (82, '-82, -82, 83, 83', '1', 'Lingua82', '2013/09/20 13:24:00', 'Descricao82', True);
INSERT INTO anomalia(id, zona, imagem, lingua, ts, descricao, tem_anomalia_redacao) VALUES (83, '-83, -83, 84, 84', '1', 'Lingua83', '2013/09/20 13:33:00', 'Descricao83', False);
INSERT INTO anomalia(id, zona, imagem, lingua, ts, descricao, tem_anomalia_redacao) VALUES (84, '-84, -84, 85, 85', '1', 'Lingua84', '2013/09/20 13:30:00', 'Descricao84', True);
INSERT INTO anomalia(id, zona, imagem, lingua, ts, descricao, tem_anomalia_redacao) VALUES (85, '-85, -85, 86, 86', '1', 'Lingua85', '2013/09/20 13:23:00', 'Descricao85', False);
INSERT INTO anomalia(id, zona, imagem, lingua, ts, descricao, tem_anomalia_redacao) VALUES (86, '-86, -86, 87, 87', '1', 'Lingua86', '2013/09/20 13:53:00', 'Descricao86', True);
INSERT INTO anomalia(id, zona, imagem, lingua, ts, descricao, tem_anomalia_redacao) VALUES (87, '-87, -87, 88, 88', '1', 'Lingua87', '2013/09/20 13:00:00', 'Descricao87', False);
INSERT INTO anomalia(id, zona, imagem, lingua, ts, descricao, tem_anomalia_redacao) VALUES (88, '-88, -88, 89, 89', '1', 'Lingua88', '2013/09/20 13:55:00', 'Descricao88', True);
INSERT INTO anomalia(id, zona, imagem, lingua, ts, descricao, tem_anomalia_redacao) VALUES (89, '-89, -89, 90, 90', '1', 'Lingua89', '2013/09/20 13:28:00', 'Descricao89', False);
INSERT INTO anomalia(id, zona, imagem, lingua, ts, descricao, tem_anomalia_redacao) VALUES (90, '-90, -90, 91, 91', '1', 'Lingua90', '2013/09/20 13:04:00', 'Descricao90', True);
INSERT INTO anomalia(id, zona, imagem, lingua, ts, descricao, tem_anomalia_redacao) VALUES (91, '-91, -91, 92, 92', '1', 'Lingua91', '2013/09/20 13:32:00', 'Descricao91', False);
INSERT INTO anomalia(id, zona, imagem, lingua, ts, descricao, tem_anomalia_redacao) VALUES (92, '-92, -92, 93, 93', '1', 'Lingua92', '2013/09/20 13:45:00', 'Descricao92', True);
INSERT INTO anomalia(id, zona, imagem, lingua, ts, descricao, tem_anomalia_redacao) VALUES (93, '-93, -93, 94, 94', '1', 'Lingua93', '2013/09/20 13:55:00', 'Descricao93', False);
INSERT INTO anomalia(id, zona, imagem, lingua, ts, descricao, tem_anomalia_redacao) VALUES (94, '-94, -94, 95, 95', '1', 'Lingua94', '2013/09/20 13:54:00', 'Descricao94', True);
INSERT INTO anomalia(id, zona, imagem, lingua, ts, descricao, tem_anomalia_redacao) VALUES (95, '-95, -95, 96, 96', '1', 'Lingua95', '2013/09/20 13:26:00', 'Descricao95', False);
INSERT INTO anomalia(id, zona, imagem, lingua, ts, descricao, tem_anomalia_redacao) VALUES (96, '-96, -96, 97, 97', '1', 'Lingua96', '2013/09/20 13:17:00', 'Descricao96', True);
INSERT INTO anomalia(id, zona, imagem, lingua, ts, descricao, tem_anomalia_redacao) VALUES (97, '-97, -97, 98, 98', '1', 'Lingua97', '2013/09/20 13:26:00', 'Descricao97', False);
INSERT INTO anomalia(id, zona, imagem, lingua, ts, descricao, tem_anomalia_redacao) VALUES (98, '-98, -98, 99, 99', '1', 'Lingua98', '2013/09/20 13:41:00', 'Descricao98', True);
INSERT INTO anomalia(id, zona, imagem, lingua, ts, descricao, tem_anomalia_redacao) VALUES (99, '-99, -99, 100, 100', '1', 'Lingua99', '2013/09/20 13:25:00', 'Descricao99', False);

-- Populate Anomalia Traducao
INSERT INTO anomalia_traducao(id, zona2, lingua2) VALUES (0, '0, 0, 1, 1', 'Lingua0');
INSERT INTO anomalia_traducao(id, zona2, lingua2) VALUES (3, '-3, -3, 4, 4', 'Lingua3');
INSERT INTO anomalia_traducao(id, zona2, lingua2) VALUES (6, '-6, -6, 7, 7', 'Lingua6');
INSERT INTO anomalia_traducao(id, zona2, lingua2) VALUES (9, '-9, -9, 10, 10', 'Lingua9');
INSERT INTO anomalia_traducao(id, zona2, lingua2) VALUES (12, '-12, -12, 13, 13', 'Lingua12');
INSERT INTO anomalia_traducao(id, zona2, lingua2) VALUES (15, '-15, -15, 16, 16', 'Lingua15');
INSERT INTO anomalia_traducao(id, zona2, lingua2) VALUES (18, '-18, -18, 19, 19', 'Lingua18');
INSERT INTO anomalia_traducao(id, zona2, lingua2) VALUES (21, '-21, -21, 22, 22', 'Lingua21');
INSERT INTO anomalia_traducao(id, zona2, lingua2) VALUES (24, '-24, -24, 25, 25', 'Lingua24');
INSERT INTO anomalia_traducao(id, zona2, lingua2) VALUES (27, '-27, -27, 28, 28', 'Lingua27');
INSERT INTO anomalia_traducao(id, zona2, lingua2) VALUES (30, '-30, -30, 31, 31', 'Lingua30');
INSERT INTO anomalia_traducao(id, zona2, lingua2) VALUES (33, '-33, -33, 34, 34', 'Lingua33');
INSERT INTO anomalia_traducao(id, zona2, lingua2) VALUES (36, '-36, -36, 37, 37', 'Lingua36');
INSERT INTO anomalia_traducao(id, zona2, lingua2) VALUES (39, '-39, -39, 40, 40', 'Lingua39');
INSERT INTO anomalia_traducao(id, zona2, lingua2) VALUES (42, '-42, -42, 43, 43', 'Lingua42');
INSERT INTO anomalia_traducao(id, zona2, lingua2) VALUES (45, '-45, -45, 46, 46', 'Lingua45');
INSERT INTO anomalia_traducao(id, zona2, lingua2) VALUES (48, '-48, -48, 49, 49', 'Lingua48');
INSERT INTO anomalia_traducao(id, zona2, lingua2) VALUES (51, '-51, -51, 52, 52', 'Lingua51');
INSERT INTO anomalia_traducao(id, zona2, lingua2) VALUES (54, '-54, -54, 55, 55', 'Lingua54');
INSERT INTO anomalia_traducao(id, zona2, lingua2) VALUES (57, '-57, -57, 58, 58', 'Lingua57');
INSERT INTO anomalia_traducao(id, zona2, lingua2) VALUES (60, '-60, -60, 61, 61', 'Lingua60');
INSERT INTO anomalia_traducao(id, zona2, lingua2) VALUES (63, '-63, -63, 64, 64', 'Lingua63');
INSERT INTO anomalia_traducao(id, zona2, lingua2) VALUES (66, '-66, -66, 67, 67', 'Lingua66');
INSERT INTO anomalia_traducao(id, zona2, lingua2) VALUES (69, '-69, -69, 70, 70', 'Lingua69');
INSERT INTO anomalia_traducao(id, zona2, lingua2) VALUES (72, '-72, -72, 73, 73', 'Lingua72');
INSERT INTO anomalia_traducao(id, zona2, lingua2) VALUES (75, '-75, -75, 76, 76', 'Lingua75');
INSERT INTO anomalia_traducao(id, zona2, lingua2) VALUES (78, '-78, -78, 79, 79', 'Lingua78');
INSERT INTO anomalia_traducao(id, zona2, lingua2) VALUES (81, '-81, -81, 82, 82', 'Lingua81');
INSERT INTO anomalia_traducao(id, zona2, lingua2) VALUES (84, '-84, -84, 85, 85', 'Lingua84');
INSERT INTO anomalia_traducao(id, zona2, lingua2) VALUES (87, '-87, -87, 88, 88', 'Lingua87');
INSERT INTO anomalia_traducao(id, zona2, lingua2) VALUES (90, '-90, -90, 91, 91', 'Lingua90');
INSERT INTO anomalia_traducao(id, zona2, lingua2) VALUES (93, '-93, -93, 94, 94', 'Lingua93');
INSERT INTO anomalia_traducao(id, zona2, lingua2) VALUES (96, '-96, -96, 97, 97', 'Lingua96');
INSERT INTO anomalia_traducao(id, zona2, lingua2) VALUES (99, '-99, -99, 100, 100', 'Lingua99');

-- Populates duplicado
INSERT INTO duplicado(item1, item2) VALUES (47, 97);
INSERT INTO duplicado(item1, item2) VALUES (69, 97);
INSERT INTO duplicado(item1, item2) VALUES (6, 36);
INSERT INTO duplicado(item1, item2) VALUES (4, 48);
INSERT INTO duplicado(item1, item2) VALUES (69, 75);
INSERT INTO duplicado(item1, item2) VALUES (54, 91);
INSERT INTO duplicado(item1, item2) VALUES (1, 9);
INSERT INTO duplicado(item1, item2) VALUES (12, 15);
INSERT INTO duplicado(item1, item2) VALUES (32, 79);
INSERT INTO duplicado(item1, item2) VALUES (82, 94);
INSERT INTO duplicado(item1, item2) VALUES (3, 12);
INSERT INTO duplicado(item1, item2) VALUES (28, 61);
INSERT INTO duplicado(item1, item2) VALUES (16, 44);
INSERT INTO duplicado(item1, item2) VALUES (42, 45);
INSERT INTO duplicado(item1, item2) VALUES (49, 50);
INSERT INTO duplicado(item1, item2) VALUES (10, 54);
INSERT INTO duplicado(item1, item2) VALUES (6, 50);
INSERT INTO duplicado(item1, item2) VALUES (14, 25);
INSERT INTO duplicado(item1, item2) VALUES (27, 71);
INSERT INTO duplicado(item1, item2) VALUES (49, 54);
INSERT INTO duplicado(item1, item2) VALUES (18, 20);
INSERT INTO duplicado(item1, item2) VALUES (77, 91);
INSERT INTO duplicado(item1, item2) VALUES (0, 9);
INSERT INTO duplicado(item1, item2) VALUES (19, 67);
INSERT INTO duplicado(item1, item2) VALUES (3, 5);
INSERT INTO duplicado(item1, item2) VALUES (25, 42);
INSERT INTO duplicado(item1, item2) VALUES (8, 30);
INSERT INTO duplicado(item1, item2) VALUES (3, 36);
INSERT INTO duplicado(item1, item2) VALUES (5, 10);
INSERT INTO duplicado(item1, item2) VALUES (22, 44);
INSERT INTO duplicado(item1, item2) VALUES (21, 26);
INSERT INTO duplicado(item1, item2) VALUES (24, 42);
INSERT INTO duplicado(item1, item2) VALUES (22, 60);
INSERT INTO duplicado(item1, item2) VALUES (50, 60);
INSERT INTO duplicado(item1, item2) VALUES (37, 43);
INSERT INTO duplicado(item1, item2) VALUES (6, 13);
INSERT INTO duplicado(item1, item2) VALUES (48, 80);
INSERT INTO duplicado(item1, item2) VALUES (8, 9);
INSERT INTO duplicado(item1, item2) VALUES (16, 33);
INSERT INTO duplicado(item1, item2) VALUES (25, 81);
INSERT INTO duplicado(item1, item2) VALUES (22, 26);
INSERT INTO duplicado(item1, item2) VALUES (38, 61);
INSERT INTO duplicado(item1, item2) VALUES (27, 50);
INSERT INTO duplicado(item1, item2) VALUES (11, 17);
INSERT INTO duplicado(item1, item2) VALUES (27, 35);
INSERT INTO duplicado(item1, item2) VALUES (40, 42);
INSERT INTO duplicado(item1, item2) VALUES (58, 60);
INSERT INTO duplicado(item1, item2) VALUES (4, 8);
INSERT INTO duplicado(item1, item2) VALUES (35, 93);
INSERT INTO duplicado(item1, item2) VALUES (46, 93);
INSERT INTO duplicado(item1, item2) VALUES (25, 59);
INSERT INTO duplicado(item1, item2) VALUES (10, 31);
INSERT INTO duplicado(item1, item2) VALUES (35, 85);
INSERT INTO duplicado(item1, item2) VALUES (4, 25);
INSERT INTO duplicado(item1, item2) VALUES (45, 59);
INSERT INTO duplicado(item1, item2) VALUES (0, 47);
INSERT INTO duplicado(item1, item2) VALUES (32, 77);
INSERT INTO duplicado(item1, item2) VALUES (6, 7);
INSERT INTO duplicado(item1, item2) VALUES (0, 48);
INSERT INTO duplicado(item1, item2) VALUES (50, 57);
INSERT INTO duplicado(item1, item2) VALUES (20, 32);
INSERT INTO duplicado(item1, item2) VALUES (55, 77);
INSERT INTO duplicado(item1, item2) VALUES (53, 60);
INSERT INTO duplicado(item1, item2) VALUES (47, 49);
INSERT INTO duplicado(item1, item2) VALUES (1, 20);
INSERT INTO duplicado(item1, item2) VALUES (85, 87);
INSERT INTO duplicado(item1, item2) VALUES (22, 75);
INSERT INTO duplicado(item1, item2) VALUES (17, 31);
INSERT INTO duplicado(item1, item2) VALUES (43, 83);
INSERT INTO duplicado(item1, item2) VALUES (14, 36);
INSERT INTO duplicado(item1, item2) VALUES (14, 19);
INSERT INTO duplicado(item1, item2) VALUES (36, 48);
INSERT INTO duplicado(item1, item2) VALUES (15, 28);
INSERT INTO duplicado(item1, item2) VALUES (14, 22);
INSERT INTO duplicado(item1, item2) VALUES (8, 22);
INSERT INTO duplicado(item1, item2) VALUES (1, 22);
INSERT INTO duplicado(item1, item2) VALUES (4, 5);
INSERT INTO duplicado(item1, item2) VALUES (26, 55);
INSERT INTO duplicado(item1, item2) VALUES (3, 77);
INSERT INTO duplicado(item1, item2) VALUES (7, 42);
INSERT INTO duplicado(item1, item2) VALUES (14, 21);
INSERT INTO duplicado(item1, item2) VALUES (5, 88);
INSERT INTO duplicado(item1, item2) VALUES (2, 14);
INSERT INTO duplicado(item1, item2) VALUES (8, 26);
INSERT INTO duplicado(item1, item2) VALUES (18, 21);
INSERT INTO duplicado(item1, item2) VALUES (44, 58);
INSERT INTO duplicado(item1, item2) VALUES (16, 18);
INSERT INTO duplicado(item1, item2) VALUES (21, 28);
INSERT INTO duplicado(item1, item2) VALUES (33, 60);
INSERT INTO duplicado(item1, item2) VALUES (75, 78);
INSERT INTO duplicado(item1, item2) VALUES (51, 52);
INSERT INTO duplicado(item1, item2) VALUES (60, 99);
INSERT INTO duplicado(item1, item2) VALUES (40, 71);
INSERT INTO duplicado(item1, item2) VALUES (29, 38);
INSERT INTO duplicado(item1, item2) VALUES (5, 49);
INSERT INTO duplicado(item1, item2) VALUES (7, 43);
INSERT INTO duplicado(item1, item2) VALUES (9, 40);
INSERT INTO duplicado(item1, item2) VALUES (11, 52);
INSERT INTO duplicado(item1, item2) VALUES (94, 97);
INSERT INTO duplicado(item1, item2) VALUES (67, 76);
