-- Populate Utilizador
INSERT INTO utilizador(email, password) VALUES ('Email0', 'password0');
INSERT INTO utilizador(email, password) VALUES ('Email1', 'password1');
INSERT INTO utilizador(email, password) VALUES ('Email2', 'password2');
INSERT INTO utilizador(email, password) VALUES ('Email3', 'password3');
INSERT INTO utilizador(email, password) VALUES ('Email4', 'password4');
INSERT INTO utilizador(email, password) VALUES ('Email5', 'password5');
INSERT INTO utilizador(email, password) VALUES ('Email6', 'password6');
INSERT INTO utilizador(email, password) VALUES ('Email7', 'password7');
INSERT INTO utilizador(email, password) VALUES ('Email8', 'password8');
INSERT INTO utilizador(email, password) VALUES ('Email9', 'password9');
INSERT INTO utilizador(email, password) VALUES ('Email10', 'password10');
INSERT INTO utilizador(email, password) VALUES ('Email11', 'password11');
INSERT INTO utilizador(email, password) VALUES ('Email12', 'password12');
INSERT INTO utilizador(email, password) VALUES ('Email13', 'password13');
INSERT INTO utilizador(email, password) VALUES ('Email14', 'password14');
INSERT INTO utilizador(email, password) VALUES ('Email15', 'password15');
INSERT INTO utilizador(email, password) VALUES ('Email16', 'password16');
INSERT INTO utilizador(email, password) VALUES ('Email17', 'password17');
INSERT INTO utilizador(email, password) VALUES ('Email18', 'password18');
INSERT INTO utilizador(email, password) VALUES ('Email19', 'password19');
INSERT INTO utilizador(email, password) VALUES ('Email20', 'password20');
INSERT INTO utilizador(email, password) VALUES ('Email21', 'password21');
INSERT INTO utilizador(email, password) VALUES ('Email22', 'password22');
INSERT INTO utilizador(email, password) VALUES ('Email23', 'password23');
INSERT INTO utilizador(email, password) VALUES ('Email24', 'password24');
INSERT INTO utilizador(email, password) VALUES ('Email25', 'password25');
INSERT INTO utilizador(email, password) VALUES ('Email26', 'password26');
INSERT INTO utilizador(email, password) VALUES ('Email27', 'password27');
INSERT INTO utilizador(email, password) VALUES ('Email28', 'password28');
INSERT INTO utilizador(email, password) VALUES ('Email29', 'password29');
INSERT INTO utilizador(email, password) VALUES ('Email30', 'password30');
INSERT INTO utilizador(email, password) VALUES ('Email31', 'password31');
INSERT INTO utilizador(email, password) VALUES ('Email32', 'password32');
INSERT INTO utilizador(email, password) VALUES ('Email33', 'password33');
INSERT INTO utilizador(email, password) VALUES ('Email34', 'password34');
INSERT INTO utilizador(email, password) VALUES ('Email35', 'password35');
INSERT INTO utilizador(email, password) VALUES ('Email36', 'password36');
INSERT INTO utilizador(email, password) VALUES ('Email37', 'password37');
INSERT INTO utilizador(email, password) VALUES ('Email38', 'password38');
INSERT INTO utilizador(email, password) VALUES ('Email39', 'password39');
INSERT INTO utilizador(email, password) VALUES ('Email40', 'password40');
INSERT INTO utilizador(email, password) VALUES ('Email41', 'password41');
INSERT INTO utilizador(email, password) VALUES ('Email42', 'password42');
INSERT INTO utilizador(email, password) VALUES ('Email43', 'password43');
INSERT INTO utilizador(email, password) VALUES ('Email44', 'password44');
INSERT INTO utilizador(email, password) VALUES ('Email45', 'password45');
INSERT INTO utilizador(email, password) VALUES ('Email46', 'password46');
INSERT INTO utilizador(email, password) VALUES ('Email47', 'password47');
INSERT INTO utilizador(email, password) VALUES ('Email48', 'password48');
INSERT INTO utilizador(email, password) VALUES ('Email49', 'password49');
INSERT INTO utilizador(email, password) VALUES ('Email50', 'password50');
INSERT INTO utilizador(email, password) VALUES ('Email51', 'password51');
INSERT INTO utilizador(email, password) VALUES ('Email52', 'password52');
INSERT INTO utilizador(email, password) VALUES ('Email53', 'password53');
INSERT INTO utilizador(email, password) VALUES ('Email54', 'password54');
INSERT INTO utilizador(email, password) VALUES ('Email55', 'password55');
INSERT INTO utilizador(email, password) VALUES ('Email56', 'password56');
INSERT INTO utilizador(email, password) VALUES ('Email57', 'password57');
INSERT INTO utilizador(email, password) VALUES ('Email58', 'password58');
INSERT INTO utilizador(email, password) VALUES ('Email59', 'password59');
INSERT INTO utilizador(email, password) VALUES ('Email60', 'password60');
INSERT INTO utilizador(email, password) VALUES ('Email61', 'password61');
INSERT INTO utilizador(email, password) VALUES ('Email62', 'password62');
INSERT INTO utilizador(email, password) VALUES ('Email63', 'password63');
INSERT INTO utilizador(email, password) VALUES ('Email64', 'password64');
INSERT INTO utilizador(email, password) VALUES ('Email65', 'password65');
INSERT INTO utilizador(email, password) VALUES ('Email66', 'password66');
INSERT INTO utilizador(email, password) VALUES ('Email67', 'password67');
INSERT INTO utilizador(email, password) VALUES ('Email68', 'password68');
INSERT INTO utilizador(email, password) VALUES ('Email69', 'password69');
INSERT INTO utilizador(email, password) VALUES ('Email70', 'password70');
INSERT INTO utilizador(email, password) VALUES ('Email71', 'password71');
INSERT INTO utilizador(email, password) VALUES ('Email72', 'password72');
INSERT INTO utilizador(email, password) VALUES ('Email73', 'password73');
INSERT INTO utilizador(email, password) VALUES ('Email74', 'password74');
INSERT INTO utilizador(email, password) VALUES ('Email75', 'password75');
INSERT INTO utilizador(email, password) VALUES ('Email76', 'password76');
INSERT INTO utilizador(email, password) VALUES ('Email77', 'password77');
INSERT INTO utilizador(email, password) VALUES ('Email78', 'password78');
INSERT INTO utilizador(email, password) VALUES ('Email79', 'password79');
INSERT INTO utilizador(email, password) VALUES ('Email80', 'password80');
INSERT INTO utilizador(email, password) VALUES ('Email81', 'password81');
INSERT INTO utilizador(email, password) VALUES ('Email82', 'password82');
INSERT INTO utilizador(email, password) VALUES ('Email83', 'password83');
INSERT INTO utilizador(email, password) VALUES ('Email84', 'password84');
INSERT INTO utilizador(email, password) VALUES ('Email85', 'password85');
INSERT INTO utilizador(email, password) VALUES ('Email86', 'password86');
INSERT INTO utilizador(email, password) VALUES ('Email87', 'password87');
INSERT INTO utilizador(email, password) VALUES ('Email88', 'password88');
INSERT INTO utilizador(email, password) VALUES ('Email89', 'password89');
INSERT INTO utilizador(email, password) VALUES ('Email90', 'password90');
INSERT INTO utilizador(email, password) VALUES ('Email91', 'password91');
INSERT INTO utilizador(email, password) VALUES ('Email92', 'password92');
INSERT INTO utilizador(email, password) VALUES ('Email93', 'password93');
INSERT INTO utilizador(email, password) VALUES ('Email94', 'password94');
INSERT INTO utilizador(email, password) VALUES ('Email95', 'password95');
INSERT INTO utilizador(email, password) VALUES ('Email96', 'password96');
INSERT INTO utilizador(email, password) VALUES ('Email97', 'password97');
INSERT INTO utilizador(email, password) VALUES ('Email98', 'password98');
INSERT INTO utilizador(email, password) VALUES ('Email99', 'password99');

-- Populate Utilizador Qualificado
INSERT INTO utilizador_qualificado(email) VALUES ('Email0');
INSERT INTO utilizador_qualificado(email) VALUES ('Email2');
INSERT INTO utilizador_qualificado(email) VALUES ('Email4');
INSERT INTO utilizador_qualificado(email) VALUES ('Email6');
INSERT INTO utilizador_qualificado(email) VALUES ('Email8');
INSERT INTO utilizador_qualificado(email) VALUES ('Email10');
INSERT INTO utilizador_qualificado(email) VALUES ('Email12');
INSERT INTO utilizador_qualificado(email) VALUES ('Email14');
INSERT INTO utilizador_qualificado(email) VALUES ('Email16');
INSERT INTO utilizador_qualificado(email) VALUES ('Email18');
INSERT INTO utilizador_qualificado(email) VALUES ('Email20');
INSERT INTO utilizador_qualificado(email) VALUES ('Email22');
INSERT INTO utilizador_qualificado(email) VALUES ('Email24');
INSERT INTO utilizador_qualificado(email) VALUES ('Email26');
INSERT INTO utilizador_qualificado(email) VALUES ('Email28');
INSERT INTO utilizador_qualificado(email) VALUES ('Email30');
INSERT INTO utilizador_qualificado(email) VALUES ('Email32');
INSERT INTO utilizador_qualificado(email) VALUES ('Email34');
INSERT INTO utilizador_qualificado(email) VALUES ('Email36');
INSERT INTO utilizador_qualificado(email) VALUES ('Email38');
INSERT INTO utilizador_qualificado(email) VALUES ('Email40');
INSERT INTO utilizador_qualificado(email) VALUES ('Email42');
INSERT INTO utilizador_qualificado(email) VALUES ('Email44');
INSERT INTO utilizador_qualificado(email) VALUES ('Email46');
INSERT INTO utilizador_qualificado(email) VALUES ('Email48');
INSERT INTO utilizador_qualificado(email) VALUES ('Email50');
INSERT INTO utilizador_qualificado(email) VALUES ('Email52');
INSERT INTO utilizador_qualificado(email) VALUES ('Email54');
INSERT INTO utilizador_qualificado(email) VALUES ('Email56');
INSERT INTO utilizador_qualificado(email) VALUES ('Email58');
INSERT INTO utilizador_qualificado(email) VALUES ('Email60');
INSERT INTO utilizador_qualificado(email) VALUES ('Email62');
INSERT INTO utilizador_qualificado(email) VALUES ('Email64');
INSERT INTO utilizador_qualificado(email) VALUES ('Email66');
INSERT INTO utilizador_qualificado(email) VALUES ('Email68');
INSERT INTO utilizador_qualificado(email) VALUES ('Email70');
INSERT INTO utilizador_qualificado(email) VALUES ('Email72');
INSERT INTO utilizador_qualificado(email) VALUES ('Email74');
INSERT INTO utilizador_qualificado(email) VALUES ('Email76');
INSERT INTO utilizador_qualificado(email) VALUES ('Email78');
INSERT INTO utilizador_qualificado(email) VALUES ('Email80');
INSERT INTO utilizador_qualificado(email) VALUES ('Email82');
INSERT INTO utilizador_qualificado(email) VALUES ('Email84');
INSERT INTO utilizador_qualificado(email) VALUES ('Email86');
INSERT INTO utilizador_qualificado(email) VALUES ('Email88');
INSERT INTO utilizador_qualificado(email) VALUES ('Email90');
INSERT INTO utilizador_qualificado(email) VALUES ('Email92');
INSERT INTO utilizador_qualificado(email) VALUES ('Email94');
INSERT INTO utilizador_qualificado(email) VALUES ('Email96');
INSERT INTO utilizador_qualificado(email) VALUES ('Email98');

-- Populate Utilizador Regular
INSERT INTO utilizador_regular(email) VALUES ('Email1');
INSERT INTO utilizador_regular(email) VALUES ('Email3');
INSERT INTO utilizador_regular(email) VALUES ('Email5');
INSERT INTO utilizador_regular(email) VALUES ('Email7');
INSERT INTO utilizador_regular(email) VALUES ('Email9');
INSERT INTO utilizador_regular(email) VALUES ('Email11');
INSERT INTO utilizador_regular(email) VALUES ('Email13');
INSERT INTO utilizador_regular(email) VALUES ('Email15');
INSERT INTO utilizador_regular(email) VALUES ('Email17');
INSERT INTO utilizador_regular(email) VALUES ('Email19');
INSERT INTO utilizador_regular(email) VALUES ('Email21');
INSERT INTO utilizador_regular(email) VALUES ('Email23');
INSERT INTO utilizador_regular(email) VALUES ('Email25');
INSERT INTO utilizador_regular(email) VALUES ('Email27');
INSERT INTO utilizador_regular(email) VALUES ('Email29');
INSERT INTO utilizador_regular(email) VALUES ('Email31');
INSERT INTO utilizador_regular(email) VALUES ('Email33');
INSERT INTO utilizador_regular(email) VALUES ('Email35');
INSERT INTO utilizador_regular(email) VALUES ('Email37');
INSERT INTO utilizador_regular(email) VALUES ('Email39');
INSERT INTO utilizador_regular(email) VALUES ('Email41');
INSERT INTO utilizador_regular(email) VALUES ('Email43');
INSERT INTO utilizador_regular(email) VALUES ('Email45');
INSERT INTO utilizador_regular(email) VALUES ('Email47');
INSERT INTO utilizador_regular(email) VALUES ('Email49');
INSERT INTO utilizador_regular(email) VALUES ('Email51');
INSERT INTO utilizador_regular(email) VALUES ('Email53');
INSERT INTO utilizador_regular(email) VALUES ('Email55');
INSERT INTO utilizador_regular(email) VALUES ('Email57');
INSERT INTO utilizador_regular(email) VALUES ('Email59');
INSERT INTO utilizador_regular(email) VALUES ('Email61');
INSERT INTO utilizador_regular(email) VALUES ('Email63');
INSERT INTO utilizador_regular(email) VALUES ('Email65');
INSERT INTO utilizador_regular(email) VALUES ('Email67');
INSERT INTO utilizador_regular(email) VALUES ('Email69');
INSERT INTO utilizador_regular(email) VALUES ('Email71');
INSERT INTO utilizador_regular(email) VALUES ('Email73');
INSERT INTO utilizador_regular(email) VALUES ('Email75');
INSERT INTO utilizador_regular(email) VALUES ('Email77');
INSERT INTO utilizador_regular(email) VALUES ('Email79');
INSERT INTO utilizador_regular(email) VALUES ('Email81');
INSERT INTO utilizador_regular(email) VALUES ('Email83');
INSERT INTO utilizador_regular(email) VALUES ('Email85');
INSERT INTO utilizador_regular(email) VALUES ('Email87');
INSERT INTO utilizador_regular(email) VALUES ('Email89');
INSERT INTO utilizador_regular(email) VALUES ('Email91');
INSERT INTO utilizador_regular(email) VALUES ('Email93');
INSERT INTO utilizador_regular(email) VALUES ('Email95');
INSERT INTO utilizador_regular(email) VALUES ('Email97');
INSERT INTO utilizador_regular(email) VALUES ('Email99');

-- Populate Local Publico
INSERT INTO local_publico(latitude, longitude, nome) VALUES (-50, -50, 'LocalPublico0');
INSERT INTO local_publico(latitude, longitude, nome) VALUES (-50, -40, 'LocalPublico1');
INSERT INTO local_publico(latitude, longitude, nome) VALUES (-50, -30, 'LocalPublico2');
INSERT INTO local_publico(latitude, longitude, nome) VALUES (-50, -20, 'LocalPublico3');
INSERT INTO local_publico(latitude, longitude, nome) VALUES (-50, -10, 'LocalPublico4');
INSERT INTO local_publico(latitude, longitude, nome) VALUES (-50, 0, 'LocalPublico5');
INSERT INTO local_publico(latitude, longitude, nome) VALUES (-50, 10, 'LocalPublico6');
INSERT INTO local_publico(latitude, longitude, nome) VALUES (-50, 20, 'LocalPublico7');
INSERT INTO local_publico(latitude, longitude, nome) VALUES (-50, 30, 'LocalPublico8');
INSERT INTO local_publico(latitude, longitude, nome) VALUES (-50, 40, 'LocalPublico9');
INSERT INTO local_publico(latitude, longitude, nome) VALUES (-40, -50, 'LocalPublico10');
INSERT INTO local_publico(latitude, longitude, nome) VALUES (-40, -40, 'LocalPublico11');
INSERT INTO local_publico(latitude, longitude, nome) VALUES (-40, -30, 'LocalPublico12');
INSERT INTO local_publico(latitude, longitude, nome) VALUES (-40, -20, 'LocalPublico13');
INSERT INTO local_publico(latitude, longitude, nome) VALUES (-40, -10, 'LocalPublico14');
INSERT INTO local_publico(latitude, longitude, nome) VALUES (-40, 0, 'LocalPublico15');
INSERT INTO local_publico(latitude, longitude, nome) VALUES (-40, 10, 'LocalPublico16');
INSERT INTO local_publico(latitude, longitude, nome) VALUES (-40, 20, 'LocalPublico17');
INSERT INTO local_publico(latitude, longitude, nome) VALUES (-40, 30, 'LocalPublico18');
INSERT INTO local_publico(latitude, longitude, nome) VALUES (-40, 40, 'LocalPublico19');
INSERT INTO local_publico(latitude, longitude, nome) VALUES (-30, -50, 'LocalPublico20');
INSERT INTO local_publico(latitude, longitude, nome) VALUES (-30, -40, 'LocalPublico21');
INSERT INTO local_publico(latitude, longitude, nome) VALUES (-30, -30, 'LocalPublico22');
INSERT INTO local_publico(latitude, longitude, nome) VALUES (-30, -20, 'LocalPublico23');
INSERT INTO local_publico(latitude, longitude, nome) VALUES (-30, -10, 'LocalPublico24');
INSERT INTO local_publico(latitude, longitude, nome) VALUES (-30, 0, 'LocalPublico25');
INSERT INTO local_publico(latitude, longitude, nome) VALUES (-30, 10, 'LocalPublico26');
INSERT INTO local_publico(latitude, longitude, nome) VALUES (-30, 20, 'LocalPublico27');
INSERT INTO local_publico(latitude, longitude, nome) VALUES (-30, 30, 'LocalPublico28');
INSERT INTO local_publico(latitude, longitude, nome) VALUES (-30, 40, 'LocalPublico29');
INSERT INTO local_publico(latitude, longitude, nome) VALUES (-20, -50, 'LocalPublico30');
INSERT INTO local_publico(latitude, longitude, nome) VALUES (-20, -40, 'LocalPublico31');
INSERT INTO local_publico(latitude, longitude, nome) VALUES (-20, -30, 'LocalPublico32');
INSERT INTO local_publico(latitude, longitude, nome) VALUES (-20, -20, 'LocalPublico33');
INSERT INTO local_publico(latitude, longitude, nome) VALUES (-20, -10, 'LocalPublico34');
INSERT INTO local_publico(latitude, longitude, nome) VALUES (-20, 0, 'LocalPublico35');
INSERT INTO local_publico(latitude, longitude, nome) VALUES (-20, 10, 'LocalPublico36');
INSERT INTO local_publico(latitude, longitude, nome) VALUES (-20, 20, 'LocalPublico37');
INSERT INTO local_publico(latitude, longitude, nome) VALUES (-20, 30, 'LocalPublico38');
INSERT INTO local_publico(latitude, longitude, nome) VALUES (-20, 40, 'LocalPublico39');
INSERT INTO local_publico(latitude, longitude, nome) VALUES (-10, -50, 'LocalPublico40');
INSERT INTO local_publico(latitude, longitude, nome) VALUES (-10, -40, 'LocalPublico41');
INSERT INTO local_publico(latitude, longitude, nome) VALUES (-10, -30, 'LocalPublico42');
INSERT INTO local_publico(latitude, longitude, nome) VALUES (-10, -20, 'LocalPublico43');
INSERT INTO local_publico(latitude, longitude, nome) VALUES (-10, -10, 'LocalPublico44');
INSERT INTO local_publico(latitude, longitude, nome) VALUES (-10, 0, 'LocalPublico45');
INSERT INTO local_publico(latitude, longitude, nome) VALUES (-10, 10, 'LocalPublico46');
INSERT INTO local_publico(latitude, longitude, nome) VALUES (-10, 20, 'LocalPublico47');
INSERT INTO local_publico(latitude, longitude, nome) VALUES (-10, 30, 'LocalPublico48');
INSERT INTO local_publico(latitude, longitude, nome) VALUES (-10, 40, 'LocalPublico49');
INSERT INTO local_publico(latitude, longitude, nome) VALUES (0, -50, 'LocalPublico50');
INSERT INTO local_publico(latitude, longitude, nome) VALUES (0, -40, 'LocalPublico51');
INSERT INTO local_publico(latitude, longitude, nome) VALUES (0, -30, 'LocalPublico52');
INSERT INTO local_publico(latitude, longitude, nome) VALUES (0, -20, 'LocalPublico53');
INSERT INTO local_publico(latitude, longitude, nome) VALUES (0, -10, 'LocalPublico54');
INSERT INTO local_publico(latitude, longitude, nome) VALUES (0, 0, 'LocalPublico55');
INSERT INTO local_publico(latitude, longitude, nome) VALUES (0, 10, 'LocalPublico56');
INSERT INTO local_publico(latitude, longitude, nome) VALUES (0, 20, 'LocalPublico57');
INSERT INTO local_publico(latitude, longitude, nome) VALUES (0, 30, 'LocalPublico58');
INSERT INTO local_publico(latitude, longitude, nome) VALUES (0, 40, 'LocalPublico59');
INSERT INTO local_publico(latitude, longitude, nome) VALUES (10, -50, 'LocalPublico60');
INSERT INTO local_publico(latitude, longitude, nome) VALUES (10, -40, 'LocalPublico61');
INSERT INTO local_publico(latitude, longitude, nome) VALUES (10, -30, 'LocalPublico62');
INSERT INTO local_publico(latitude, longitude, nome) VALUES (10, -20, 'LocalPublico63');
INSERT INTO local_publico(latitude, longitude, nome) VALUES (10, -10, 'LocalPublico64');
INSERT INTO local_publico(latitude, longitude, nome) VALUES (10, 0, 'LocalPublico65');
INSERT INTO local_publico(latitude, longitude, nome) VALUES (10, 10, 'LocalPublico66');
INSERT INTO local_publico(latitude, longitude, nome) VALUES (10, 20, 'LocalPublico67');
INSERT INTO local_publico(latitude, longitude, nome) VALUES (10, 30, 'LocalPublico68');
INSERT INTO local_publico(latitude, longitude, nome) VALUES (10, 40, 'LocalPublico69');
INSERT INTO local_publico(latitude, longitude, nome) VALUES (20, -50, 'LocalPublico70');
INSERT INTO local_publico(latitude, longitude, nome) VALUES (20, -40, 'LocalPublico71');
INSERT INTO local_publico(latitude, longitude, nome) VALUES (20, -30, 'LocalPublico72');
INSERT INTO local_publico(latitude, longitude, nome) VALUES (20, -20, 'LocalPublico73');
INSERT INTO local_publico(latitude, longitude, nome) VALUES (20, -10, 'LocalPublico74');
INSERT INTO local_publico(latitude, longitude, nome) VALUES (20, 0, 'LocalPublico75');
INSERT INTO local_publico(latitude, longitude, nome) VALUES (20, 10, 'LocalPublico76');
INSERT INTO local_publico(latitude, longitude, nome) VALUES (20, 20, 'LocalPublico77');
INSERT INTO local_publico(latitude, longitude, nome) VALUES (20, 30, 'LocalPublico78');
INSERT INTO local_publico(latitude, longitude, nome) VALUES (20, 40, 'LocalPublico79');
INSERT INTO local_publico(latitude, longitude, nome) VALUES (30, -50, 'LocalPublico80');
INSERT INTO local_publico(latitude, longitude, nome) VALUES (30, -40, 'LocalPublico81');
INSERT INTO local_publico(latitude, longitude, nome) VALUES (30, -30, 'LocalPublico82');
INSERT INTO local_publico(latitude, longitude, nome) VALUES (30, -20, 'LocalPublico83');
INSERT INTO local_publico(latitude, longitude, nome) VALUES (30, -10, 'LocalPublico84');
INSERT INTO local_publico(latitude, longitude, nome) VALUES (30, 0, 'LocalPublico85');
INSERT INTO local_publico(latitude, longitude, nome) VALUES (30, 10, 'LocalPublico86');
INSERT INTO local_publico(latitude, longitude, nome) VALUES (30, 20, 'LocalPublico87');
INSERT INTO local_publico(latitude, longitude, nome) VALUES (30, 30, 'LocalPublico88');
INSERT INTO local_publico(latitude, longitude, nome) VALUES (30, 40, 'LocalPublico89');
INSERT INTO local_publico(latitude, longitude, nome) VALUES (40, -50, 'LocalPublico90');
INSERT INTO local_publico(latitude, longitude, nome) VALUES (40, -40, 'LocalPublico91');
INSERT INTO local_publico(latitude, longitude, nome) VALUES (40, -30, 'LocalPublico92');
INSERT INTO local_publico(latitude, longitude, nome) VALUES (40, -20, 'LocalPublico93');
INSERT INTO local_publico(latitude, longitude, nome) VALUES (40, -10, 'LocalPublico94');
INSERT INTO local_publico(latitude, longitude, nome) VALUES (40, 0, 'LocalPublico95');
INSERT INTO local_publico(latitude, longitude, nome) VALUES (40, 10, 'LocalPublico96');
INSERT INTO local_publico(latitude, longitude, nome) VALUES (40, 20, 'LocalPublico97');
INSERT INTO local_publico(latitude, longitude, nome) VALUES (40, 30, 'LocalPublico98');
INSERT INTO local_publico(latitude, longitude, nome) VALUES (40, 40, 'LocalPublico99');

-- Populate Item
INSERT INTO item(descricao, localizacao, latitude, longitude) VALUES ('Descricao1', 'Localizacao0', -50, -50);
INSERT INTO item(descricao, localizacao, latitude, longitude) VALUES ('Descricao2', 'Localizacao1', -50, -40);
INSERT INTO item(descricao, localizacao, latitude, longitude) VALUES ('Descricao3', 'Localizacao2', -50, -30);
INSERT INTO item(descricao, localizacao, latitude, longitude) VALUES ('Descricao4', 'Localizacao3', -50, -20);
INSERT INTO item(descricao, localizacao, latitude, longitude) VALUES ('Descricao5', 'Localizacao4', -50, -10);
INSERT INTO item(descricao, localizacao, latitude, longitude) VALUES ('Descricao6', 'Localizacao5', -50, 0);
INSERT INTO item(descricao, localizacao, latitude, longitude) VALUES ('Descricao7', 'Localizacao6', -50, 10);
INSERT INTO item(descricao, localizacao, latitude, longitude) VALUES ('Descricao8', 'Localizacao7', -50, 20);
INSERT INTO item(descricao, localizacao, latitude, longitude) VALUES ('Descricao9', 'Localizacao8', -50, 30);
INSERT INTO item(descricao, localizacao, latitude, longitude) VALUES ('Descricao10', 'Localizacao9', -50, 40);
INSERT INTO item(descricao, localizacao, latitude, longitude) VALUES ('Descricao11', 'Localizacao10', -40, -50);
INSERT INTO item(descricao, localizacao, latitude, longitude) VALUES ('Descricao12', 'Localizacao11', -40, -40);
INSERT INTO item(descricao, localizacao, latitude, longitude) VALUES ('Descricao13', 'Localizacao12', -40, -30);
INSERT INTO item(descricao, localizacao, latitude, longitude) VALUES ('Descricao14', 'Localizacao13', -40, -20);
INSERT INTO item(descricao, localizacao, latitude, longitude) VALUES ('Descricao15', 'Localizacao14', -40, -10);
INSERT INTO item(descricao, localizacao, latitude, longitude) VALUES ('Descricao16', 'Localizacao15', -40, 0);
INSERT INTO item(descricao, localizacao, latitude, longitude) VALUES ('Descricao17', 'Localizacao16', -40, 10);
INSERT INTO item(descricao, localizacao, latitude, longitude) VALUES ('Descricao18', 'Localizacao17', -40, 20);
INSERT INTO item(descricao, localizacao, latitude, longitude) VALUES ('Descricao19', 'Localizacao18', -40, 30);
INSERT INTO item(descricao, localizacao, latitude, longitude) VALUES ('Descricao20', 'Localizacao19', -40, 40);
INSERT INTO item(descricao, localizacao, latitude, longitude) VALUES ('Descricao21', 'Localizacao20', -30, -50);
INSERT INTO item(descricao, localizacao, latitude, longitude) VALUES ('Descricao22', 'Localizacao21', -30, -40);
INSERT INTO item(descricao, localizacao, latitude, longitude) VALUES ('Descricao23', 'Localizacao22', -30, -30);
INSERT INTO item(descricao, localizacao, latitude, longitude) VALUES ('Descricao24', 'Localizacao23', -30, -20);
INSERT INTO item(descricao, localizacao, latitude, longitude) VALUES ('Descricao25', 'Localizacao24', -30, -10);
INSERT INTO item(descricao, localizacao, latitude, longitude) VALUES ('Descricao26', 'Localizacao25', -30, 0);
INSERT INTO item(descricao, localizacao, latitude, longitude) VALUES ('Descricao27', 'Localizacao26', -30, 10);
INSERT INTO item(descricao, localizacao, latitude, longitude) VALUES ('Descricao28', 'Localizacao27', -30, 20);
INSERT INTO item(descricao, localizacao, latitude, longitude) VALUES ('Descricao29', 'Localizacao28', -30, 30);
INSERT INTO item(descricao, localizacao, latitude, longitude) VALUES ('Descricao30', 'Localizacao29', -30, 40);
INSERT INTO item(descricao, localizacao, latitude, longitude) VALUES ('Descricao31', 'Localizacao30', -20, -50);
INSERT INTO item(descricao, localizacao, latitude, longitude) VALUES ('Descricao32', 'Localizacao31', -20, -40);
INSERT INTO item(descricao, localizacao, latitude, longitude) VALUES ('Descricao33', 'Localizacao32', -20, -30);
INSERT INTO item(descricao, localizacao, latitude, longitude) VALUES ('Descricao34', 'Localizacao33', -20, -20);
INSERT INTO item(descricao, localizacao, latitude, longitude) VALUES ('Descricao35', 'Localizacao34', -20, -10);
INSERT INTO item(descricao, localizacao, latitude, longitude) VALUES ('Descricao36', 'Localizacao35', -20, 0);
INSERT INTO item(descricao, localizacao, latitude, longitude) VALUES ('Descricao37', 'Localizacao36', -20, 10);
INSERT INTO item(descricao, localizacao, latitude, longitude) VALUES ('Descricao38', 'Localizacao37', -20, 20);
INSERT INTO item(descricao, localizacao, latitude, longitude) VALUES ('Descricao39', 'Localizacao38', -20, 30);
INSERT INTO item(descricao, localizacao, latitude, longitude) VALUES ('Descricao40', 'Localizacao39', -20, 40);
INSERT INTO item(descricao, localizacao, latitude, longitude) VALUES ('Descricao41', 'Localizacao40', -10, -50);
INSERT INTO item(descricao, localizacao, latitude, longitude) VALUES ('Descricao42', 'Localizacao41', -10, -40);
INSERT INTO item(descricao, localizacao, latitude, longitude) VALUES ('Descricao43', 'Localizacao42', -10, -30);
INSERT INTO item(descricao, localizacao, latitude, longitude) VALUES ('Descricao44', 'Localizacao43', -10, -20);
INSERT INTO item(descricao, localizacao, latitude, longitude) VALUES ('Descricao45', 'Localizacao44', -10, -10);
INSERT INTO item(descricao, localizacao, latitude, longitude) VALUES ('Descricao46', 'Localizacao45', -10, 0);
INSERT INTO item(descricao, localizacao, latitude, longitude) VALUES ('Descricao47', 'Localizacao46', -10, 10);
INSERT INTO item(descricao, localizacao, latitude, longitude) VALUES ('Descricao48', 'Localizacao47', -10, 20);
INSERT INTO item(descricao, localizacao, latitude, longitude) VALUES ('Descricao49', 'Localizacao48', -10, 30);
INSERT INTO item(descricao, localizacao, latitude, longitude) VALUES ('Descricao50', 'Localizacao49', -10, 40);
INSERT INTO item(descricao, localizacao, latitude, longitude) VALUES ('Descricao51', 'Localizacao50', 0, -50);
INSERT INTO item(descricao, localizacao, latitude, longitude) VALUES ('Descricao52', 'Localizacao51', 0, -40);
INSERT INTO item(descricao, localizacao, latitude, longitude) VALUES ('Descricao53', 'Localizacao52', 0, -30);
INSERT INTO item(descricao, localizacao, latitude, longitude) VALUES ('Descricao54', 'Localizacao53', 0, -20);
INSERT INTO item(descricao, localizacao, latitude, longitude) VALUES ('Descricao55', 'Localizacao54', 0, -10);
INSERT INTO item(descricao, localizacao, latitude, longitude) VALUES ('Descricao56', 'Localizacao55', 0, 0);
INSERT INTO item(descricao, localizacao, latitude, longitude) VALUES ('Descricao57', 'Localizacao56', 0, 10);
INSERT INTO item(descricao, localizacao, latitude, longitude) VALUES ('Descricao58', 'Localizacao57', 0, 20);
INSERT INTO item(descricao, localizacao, latitude, longitude) VALUES ('Descricao59', 'Localizacao58', 0, 30);
INSERT INTO item(descricao, localizacao, latitude, longitude) VALUES ('Descricao60', 'Localizacao59', 0, 40);
INSERT INTO item(descricao, localizacao, latitude, longitude) VALUES ('Descricao61', 'Localizacao60', 10, -50);
INSERT INTO item(descricao, localizacao, latitude, longitude) VALUES ('Descricao62', 'Localizacao61', 10, -40);
INSERT INTO item(descricao, localizacao, latitude, longitude) VALUES ('Descricao63', 'Localizacao62', 10, -30);
INSERT INTO item(descricao, localizacao, latitude, longitude) VALUES ('Descricao64', 'Localizacao63', 10, -20);
INSERT INTO item(descricao, localizacao, latitude, longitude) VALUES ('Descricao65', 'Localizacao64', 10, -10);
INSERT INTO item(descricao, localizacao, latitude, longitude) VALUES ('Descricao66', 'Localizacao65', 10, 0);
INSERT INTO item(descricao, localizacao, latitude, longitude) VALUES ('Descricao67', 'Localizacao66', 10, 10);
INSERT INTO item(descricao, localizacao, latitude, longitude) VALUES ('Descricao68', 'Localizacao67', 10, 20);
INSERT INTO item(descricao, localizacao, latitude, longitude) VALUES ('Descricao69', 'Localizacao68', 10, 30);
INSERT INTO item(descricao, localizacao, latitude, longitude) VALUES ('Descricao70', 'Localizacao69', 10, 40);
INSERT INTO item(descricao, localizacao, latitude, longitude) VALUES ('Descricao71', 'Localizacao70', 20, -50);
INSERT INTO item(descricao, localizacao, latitude, longitude) VALUES ('Descricao72', 'Localizacao71', 20, -40);
INSERT INTO item(descricao, localizacao, latitude, longitude) VALUES ('Descricao73', 'Localizacao72', 20, -30);
INSERT INTO item(descricao, localizacao, latitude, longitude) VALUES ('Descricao74', 'Localizacao73', 20, -20);
INSERT INTO item(descricao, localizacao, latitude, longitude) VALUES ('Descricao75', 'Localizacao74', 20, -10);
INSERT INTO item(descricao, localizacao, latitude, longitude) VALUES ('Descricao76', 'Localizacao75', 20, 0);
INSERT INTO item(descricao, localizacao, latitude, longitude) VALUES ('Descricao77', 'Localizacao76', 20, 10);
INSERT INTO item(descricao, localizacao, latitude, longitude) VALUES ('Descricao78', 'Localizacao77', 20, 20);
INSERT INTO item(descricao, localizacao, latitude, longitude) VALUES ('Descricao79', 'Localizacao78', 20, 30);
INSERT INTO item(descricao, localizacao, latitude, longitude) VALUES ('Descricao80', 'Localizacao79', 20, 40);
INSERT INTO item(descricao, localizacao, latitude, longitude) VALUES ('Descricao81', 'Localizacao80', 30, -50);
INSERT INTO item(descricao, localizacao, latitude, longitude) VALUES ('Descricao82', 'Localizacao81', 30, -40);
INSERT INTO item(descricao, localizacao, latitude, longitude) VALUES ('Descricao83', 'Localizacao82', 30, -30);
INSERT INTO item(descricao, localizacao, latitude, longitude) VALUES ('Descricao84', 'Localizacao83', 30, -20);
INSERT INTO item(descricao, localizacao, latitude, longitude) VALUES ('Descricao85', 'Localizacao84', 30, -10);
INSERT INTO item(descricao, localizacao, latitude, longitude) VALUES ('Descricao86', 'Localizacao85', 30, 0);
INSERT INTO item(descricao, localizacao, latitude, longitude) VALUES ('Descricao87', 'Localizacao86', 30, 10);
INSERT INTO item(descricao, localizacao, latitude, longitude) VALUES ('Descricao88', 'Localizacao87', 30, 20);
INSERT INTO item(descricao, localizacao, latitude, longitude) VALUES ('Descricao89', 'Localizacao88', 30, 30);
INSERT INTO item(descricao, localizacao, latitude, longitude) VALUES ('Descricao90', 'Localizacao89', 30, 40);
INSERT INTO item(descricao, localizacao, latitude, longitude) VALUES ('Descricao91', 'Localizacao90', 40, -50);
INSERT INTO item(descricao, localizacao, latitude, longitude) VALUES ('Descricao92', 'Localizacao91', 40, -40);
INSERT INTO item(descricao, localizacao, latitude, longitude) VALUES ('Descricao93', 'Localizacao92', 40, -30);
INSERT INTO item(descricao, localizacao, latitude, longitude) VALUES ('Descricao94', 'Localizacao93', 40, -20);
INSERT INTO item(descricao, localizacao, latitude, longitude) VALUES ('Descricao95', 'Localizacao94', 40, -10);
INSERT INTO item(descricao, localizacao, latitude, longitude) VALUES ('Descricao96', 'Localizacao95', 40, 0);
INSERT INTO item(descricao, localizacao, latitude, longitude) VALUES ('Descricao97', 'Localizacao96', 40, 10);
INSERT INTO item(descricao, localizacao, latitude, longitude) VALUES ('Descricao98', 'Localizacao97', 40, 20);
INSERT INTO item(descricao, localizacao, latitude, longitude) VALUES ('Descricao99', 'Localizacao98', 40, 30);
INSERT INTO item(descricao, localizacao, latitude, longitude) VALUES ('Descricao100', 'Localizacao99', 40, 40);

-- Populate Anomalia
INSERT INTO anomalia(zona, imagem, lingua, ts, descricao, tem_anomalia_redacao) VALUES ('0, 0, 1, 1', '1', 'Lingua0', '2013/09/20 13:34:00', 'Descricao0', True);
INSERT INTO anomalia(zona, imagem, lingua, ts, descricao, tem_anomalia_redacao) VALUES ('-1, -1, 2, 2', '1', 'Lingua1', '2013/09/20 13:47:00', 'Descricao1', False);
INSERT INTO anomalia(zona, imagem, lingua, ts, descricao, tem_anomalia_redacao) VALUES ('-2, -2, 3, 3', '1', 'Lingua2', '2013/09/20 13:10:00', 'Descricao2', True);
INSERT INTO anomalia(zona, imagem, lingua, ts, descricao, tem_anomalia_redacao) VALUES ('-3, -3, 4, 4', '1', 'Lingua3', '2013/09/20 13:18:00', 'Descricao3', False);
INSERT INTO anomalia(zona, imagem, lingua, ts, descricao, tem_anomalia_redacao) VALUES ('-4, -4, 5, 5', '1', 'Lingua4', '2013/09/20 13:06:00', 'Descricao4', True);
INSERT INTO anomalia(zona, imagem, lingua, ts, descricao, tem_anomalia_redacao) VALUES ('-5, -5, 6, 6', '1', 'Lingua5', '2013/09/20 13:56:00', 'Descricao5', False);
INSERT INTO anomalia(zona, imagem, lingua, ts, descricao, tem_anomalia_redacao) VALUES ('-6, -6, 7, 7', '1', 'Lingua6', '2013/09/20 13:46:00', 'Descricao6', True);
INSERT INTO anomalia(zona, imagem, lingua, ts, descricao, tem_anomalia_redacao) VALUES ('-7, -7, 8, 8', '1', 'Lingua7', '2013/09/20 13:47:00', 'Descricao7', False);
INSERT INTO anomalia(zona, imagem, lingua, ts, descricao, tem_anomalia_redacao) VALUES ('-8, -8, 9, 9', '1', 'Lingua8', '2013/09/20 13:34:00', 'Descricao8', True);
INSERT INTO anomalia(zona, imagem, lingua, ts, descricao, tem_anomalia_redacao) VALUES ('-9, -9, 10, 10', '1', 'Lingua9', '2013/09/20 13:59:00', 'Descricao9', False);
INSERT INTO anomalia(zona, imagem, lingua, ts, descricao, tem_anomalia_redacao) VALUES ('-10, -10, 11, 11', '1', 'Lingua10', '2013/09/20 13:01:00', 'Descricao10', True);
INSERT INTO anomalia(zona, imagem, lingua, ts, descricao, tem_anomalia_redacao) VALUES ('-11, -11, 12, 12', '1', 'Lingua11', '2013/09/20 13:18:00', 'Descricao11', False);
INSERT INTO anomalia(zona, imagem, lingua, ts, descricao, tem_anomalia_redacao) VALUES ('-12, -12, 13, 13', '1', 'Lingua12', '2013/09/20 13:15:00', 'Descricao12', True);
INSERT INTO anomalia(zona, imagem, lingua, ts, descricao, tem_anomalia_redacao) VALUES ('-13, -13, 14, 14', '1', 'Lingua13', '2013/09/20 13:43:00', 'Descricao13', False);
INSERT INTO anomalia(zona, imagem, lingua, ts, descricao, tem_anomalia_redacao) VALUES ('-14, -14, 15, 15', '1', 'Lingua14', '2013/09/20 13:45:00', 'Descricao14', True);
INSERT INTO anomalia(zona, imagem, lingua, ts, descricao, tem_anomalia_redacao) VALUES ('-15, -15, 16, 16', '1', 'Lingua15', '2013/09/20 13:04:00', 'Descricao15', False);
INSERT INTO anomalia(zona, imagem, lingua, ts, descricao, tem_anomalia_redacao) VALUES ('-16, -16, 17, 17', '1', 'Lingua16', '2013/09/20 13:07:00', 'Descricao16', True);
INSERT INTO anomalia(zona, imagem, lingua, ts, descricao, tem_anomalia_redacao) VALUES ('-17, -17, 18, 18', '1', 'Lingua17', '2013/09/20 13:30:00', 'Descricao17', False);
INSERT INTO anomalia(zona, imagem, lingua, ts, descricao, tem_anomalia_redacao) VALUES ('-18, -18, 19, 19', '1', 'Lingua18', '2013/09/20 13:05:00', 'Descricao18', True);
INSERT INTO anomalia(zona, imagem, lingua, ts, descricao, tem_anomalia_redacao) VALUES ('-19, -19, 20, 20', '1', 'Lingua19', '2013/09/20 13:45:00', 'Descricao19', False);
INSERT INTO anomalia(zona, imagem, lingua, ts, descricao, tem_anomalia_redacao) VALUES ('-20, -20, 21, 21', '1', 'Lingua20', '2013/09/20 13:59:00', 'Descricao20', True);
INSERT INTO anomalia(zona, imagem, lingua, ts, descricao, tem_anomalia_redacao) VALUES ('-21, -21, 22, 22', '1', 'Lingua21', '2013/09/20 13:07:00', 'Descricao21', False);
INSERT INTO anomalia(zona, imagem, lingua, ts, descricao, tem_anomalia_redacao) VALUES ('-22, -22, 23, 23', '1', 'Lingua22', '2013/09/20 13:52:00', 'Descricao22', True);
INSERT INTO anomalia(zona, imagem, lingua, ts, descricao, tem_anomalia_redacao) VALUES ('-23, -23, 24, 24', '1', 'Lingua23', '2013/09/20 13:04:00', 'Descricao23', False);
INSERT INTO anomalia(zona, imagem, lingua, ts, descricao, tem_anomalia_redacao) VALUES ('-24, -24, 25, 25', '1', 'Lingua24', '2013/09/20 13:13:00', 'Descricao24', True);
INSERT INTO anomalia(zona, imagem, lingua, ts, descricao, tem_anomalia_redacao) VALUES ('-25, -25, 26, 26', '1', 'Lingua25', '2013/09/20 13:21:00', 'Descricao25', False);
INSERT INTO anomalia(zona, imagem, lingua, ts, descricao, tem_anomalia_redacao) VALUES ('-26, -26, 27, 27', '1', 'Lingua26', '2013/09/20 13:28:00', 'Descricao26', True);
INSERT INTO anomalia(zona, imagem, lingua, ts, descricao, tem_anomalia_redacao) VALUES ('-27, -27, 28, 28', '1', 'Lingua27', '2013/09/20 13:59:00', 'Descricao27', False);
INSERT INTO anomalia(zona, imagem, lingua, ts, descricao, tem_anomalia_redacao) VALUES ('-28, -28, 29, 29', '1', 'Lingua28', '2013/09/20 13:00:00', 'Descricao28', True);
INSERT INTO anomalia(zona, imagem, lingua, ts, descricao, tem_anomalia_redacao) VALUES ('-29, -29, 30, 30', '1', 'Lingua29', '2013/09/20 13:54:00', 'Descricao29', False);
INSERT INTO anomalia(zona, imagem, lingua, ts, descricao, tem_anomalia_redacao) VALUES ('-30, -30, 31, 31', '1', 'Lingua30', '2013/09/20 13:26:00', 'Descricao30', True);
INSERT INTO anomalia(zona, imagem, lingua, ts, descricao, tem_anomalia_redacao) VALUES ('-31, -31, 32, 32', '1', 'Lingua31', '2013/09/20 13:27:00', 'Descricao31', False);
INSERT INTO anomalia(zona, imagem, lingua, ts, descricao, tem_anomalia_redacao) VALUES ('-32, -32, 33, 33', '1', 'Lingua32', '2013/09/20 13:27:00', 'Descricao32', True);
INSERT INTO anomalia(zona, imagem, lingua, ts, descricao, tem_anomalia_redacao) VALUES ('-33, -33, 34, 34', '1', 'Lingua33', '2013/09/20 13:55:00', 'Descricao33', False);
INSERT INTO anomalia(zona, imagem, lingua, ts, descricao, tem_anomalia_redacao) VALUES ('-34, -34, 35, 35', '1', 'Lingua34', '2013/09/20 13:20:00', 'Descricao34', True);
INSERT INTO anomalia(zona, imagem, lingua, ts, descricao, tem_anomalia_redacao) VALUES ('-35, -35, 36, 36', '1', 'Lingua35', '2013/09/20 13:39:00', 'Descricao35', False);
INSERT INTO anomalia(zona, imagem, lingua, ts, descricao, tem_anomalia_redacao) VALUES ('-36, -36, 37, 37', '1', 'Lingua36', '2013/09/20 13:38:00', 'Descricao36', True);
INSERT INTO anomalia(zona, imagem, lingua, ts, descricao, tem_anomalia_redacao) VALUES ('-37, -37, 38, 38', '1', 'Lingua37', '2013/09/20 13:53:00', 'Descricao37', False);
INSERT INTO anomalia(zona, imagem, lingua, ts, descricao, tem_anomalia_redacao) VALUES ('-38, -38, 39, 39', '1', 'Lingua38', '2013/09/20 13:42:00', 'Descricao38', True);
INSERT INTO anomalia(zona, imagem, lingua, ts, descricao, tem_anomalia_redacao) VALUES ('-39, -39, 40, 40', '1', 'Lingua39', '2013/09/20 13:57:00', 'Descricao39', False);
INSERT INTO anomalia(zona, imagem, lingua, ts, descricao, tem_anomalia_redacao) VALUES ('-40, -40, 41, 41', '1', 'Lingua40', '2013/09/20 13:14:00', 'Descricao40', True);
INSERT INTO anomalia(zona, imagem, lingua, ts, descricao, tem_anomalia_redacao) VALUES ('-41, -41, 42, 42', '1', 'Lingua41', '2013/09/20 13:07:00', 'Descricao41', False);
INSERT INTO anomalia(zona, imagem, lingua, ts, descricao, tem_anomalia_redacao) VALUES ('-42, -42, 43, 43', '1', 'Lingua42', '2013/09/20 13:17:00', 'Descricao42', True);
INSERT INTO anomalia(zona, imagem, lingua, ts, descricao, tem_anomalia_redacao) VALUES ('-43, -43, 44, 44', '1', 'Lingua43', '2013/09/20 13:02:00', 'Descricao43', False);
INSERT INTO anomalia(zona, imagem, lingua, ts, descricao, tem_anomalia_redacao) VALUES ('-44, -44, 45, 45', '1', 'Lingua44', '2013/09/20 13:51:00', 'Descricao44', True);
INSERT INTO anomalia(zona, imagem, lingua, ts, descricao, tem_anomalia_redacao) VALUES ('-45, -45, 46, 46', '1', 'Lingua45', '2013/09/20 13:19:00', 'Descricao45', False);
INSERT INTO anomalia(zona, imagem, lingua, ts, descricao, tem_anomalia_redacao) VALUES ('-46, -46, 47, 47', '1', 'Lingua46', '2013/09/20 13:54:00', 'Descricao46', True);
INSERT INTO anomalia(zona, imagem, lingua, ts, descricao, tem_anomalia_redacao) VALUES ('-47, -47, 48, 48', '1', 'Lingua47', '2013/09/20 13:23:00', 'Descricao47', False);
INSERT INTO anomalia(zona, imagem, lingua, ts, descricao, tem_anomalia_redacao) VALUES ('-48, -48, 49, 49', '1', 'Lingua48', '2013/09/20 13:30:00', 'Descricao48', True);
INSERT INTO anomalia(zona, imagem, lingua, ts, descricao, tem_anomalia_redacao) VALUES ('-49, -49, 50, 50', '1', 'Lingua49', '2013/09/20 13:56:00', 'Descricao49', False);
INSERT INTO anomalia(zona, imagem, lingua, ts, descricao, tem_anomalia_redacao) VALUES ('-50, -50, 51, 51', '1', 'Lingua50', '2013/09/20 13:44:00', 'Descricao50', True);
INSERT INTO anomalia(zona, imagem, lingua, ts, descricao, tem_anomalia_redacao) VALUES ('-51, -51, 52, 52', '1', 'Lingua51', '2013/09/20 13:47:00', 'Descricao51', False);
INSERT INTO anomalia(zona, imagem, lingua, ts, descricao, tem_anomalia_redacao) VALUES ('-52, -52, 53, 53', '1', 'Lingua52', '2013/09/20 13:39:00', 'Descricao52', True);
INSERT INTO anomalia(zona, imagem, lingua, ts, descricao, tem_anomalia_redacao) VALUES ('-53, -53, 54, 54', '1', 'Lingua53', '2013/09/20 13:38:00', 'Descricao53', False);
INSERT INTO anomalia(zona, imagem, lingua, ts, descricao, tem_anomalia_redacao) VALUES ('-54, -54, 55, 55', '1', 'Lingua54', '2013/09/20 13:04:00', 'Descricao54', True);
INSERT INTO anomalia(zona, imagem, lingua, ts, descricao, tem_anomalia_redacao) VALUES ('-55, -55, 56, 56', '1', 'Lingua55', '2013/09/20 13:51:00', 'Descricao55', False);
INSERT INTO anomalia(zona, imagem, lingua, ts, descricao, tem_anomalia_redacao) VALUES ('-56, -56, 57, 57', '1', 'Lingua56', '2013/09/20 13:56:00', 'Descricao56', True);
INSERT INTO anomalia(zona, imagem, lingua, ts, descricao, tem_anomalia_redacao) VALUES ('-57, -57, 58, 58', '1', 'Lingua57', '2013/09/20 13:48:00', 'Descricao57', False);
INSERT INTO anomalia(zona, imagem, lingua, ts, descricao, tem_anomalia_redacao) VALUES ('-58, -58, 59, 59', '1', 'Lingua58', '2013/09/20 13:35:00', 'Descricao58', True);
INSERT INTO anomalia(zona, imagem, lingua, ts, descricao, tem_anomalia_redacao) VALUES ('-59, -59, 60, 60', '1', 'Lingua59', '2013/09/20 13:25:00', 'Descricao59', False);
INSERT INTO anomalia(zona, imagem, lingua, ts, descricao, tem_anomalia_redacao) VALUES ('-60, -60, 61, 61', '1', 'Lingua60', '2013/09/20 13:15:00', 'Descricao60', True);
INSERT INTO anomalia(zona, imagem, lingua, ts, descricao, tem_anomalia_redacao) VALUES ('-61, -61, 62, 62', '1', 'Lingua61', '2013/09/20 13:30:00', 'Descricao61', False);
INSERT INTO anomalia(zona, imagem, lingua, ts, descricao, tem_anomalia_redacao) VALUES ('-62, -62, 63, 63', '1', 'Lingua62', '2013/09/20 13:55:00', 'Descricao62', True);
INSERT INTO anomalia(zona, imagem, lingua, ts, descricao, tem_anomalia_redacao) VALUES ('-63, -63, 64, 64', '1', 'Lingua63', '2013/09/20 13:42:00', 'Descricao63', False);
INSERT INTO anomalia(zona, imagem, lingua, ts, descricao, tem_anomalia_redacao) VALUES ('-64, -64, 65, 65', '1', 'Lingua64', '2013/09/20 13:15:00', 'Descricao64', True);
INSERT INTO anomalia(zona, imagem, lingua, ts, descricao, tem_anomalia_redacao) VALUES ('-65, -65, 66, 66', '1', 'Lingua65', '2013/09/20 13:28:00', 'Descricao65', False);
INSERT INTO anomalia(zona, imagem, lingua, ts, descricao, tem_anomalia_redacao) VALUES ('-66, -66, 67, 67', '1', 'Lingua66', '2013/09/20 13:10:00', 'Descricao66', True);
INSERT INTO anomalia(zona, imagem, lingua, ts, descricao, tem_anomalia_redacao) VALUES ('-67, -67, 68, 68', '1', 'Lingua67', '2013/09/20 13:37:00', 'Descricao67', False);
INSERT INTO anomalia(zona, imagem, lingua, ts, descricao, tem_anomalia_redacao) VALUES ('-68, -68, 69, 69', '1', 'Lingua68', '2013/09/20 13:37:00', 'Descricao68', True);
INSERT INTO anomalia(zona, imagem, lingua, ts, descricao, tem_anomalia_redacao) VALUES ('-69, -69, 70, 70', '1', 'Lingua69', '2013/09/20 13:06:00', 'Descricao69', False);
INSERT INTO anomalia(zona, imagem, lingua, ts, descricao, tem_anomalia_redacao) VALUES ('-70, -70, 71, 71', '1', 'Lingua70', '2013/09/20 13:59:00', 'Descricao70', True);
INSERT INTO anomalia(zona, imagem, lingua, ts, descricao, tem_anomalia_redacao) VALUES ('-71, -71, 72, 72', '1', 'Lingua71', '2013/09/20 13:24:00', 'Descricao71', False);
INSERT INTO anomalia(zona, imagem, lingua, ts, descricao, tem_anomalia_redacao) VALUES ('-72, -72, 73, 73', '1', 'Lingua72', '2013/09/20 13:58:00', 'Descricao72', True);
INSERT INTO anomalia(zona, imagem, lingua, ts, descricao, tem_anomalia_redacao) VALUES ('-73, -73, 74, 74', '1', 'Lingua73', '2013/09/20 13:25:00', 'Descricao73', False);
INSERT INTO anomalia(zona, imagem, lingua, ts, descricao, tem_anomalia_redacao) VALUES ('-74, -74, 75, 75', '1', 'Lingua74', '2013/09/20 13:13:00', 'Descricao74', True);
INSERT INTO anomalia(zona, imagem, lingua, ts, descricao, tem_anomalia_redacao) VALUES ('-75, -75, 76, 76', '1', 'Lingua75', '2013/09/20 13:34:00', 'Descricao75', False);
INSERT INTO anomalia(zona, imagem, lingua, ts, descricao, tem_anomalia_redacao) VALUES ('-76, -76, 77, 77', '1', 'Lingua76', '2013/09/20 13:54:00', 'Descricao76', True);
INSERT INTO anomalia(zona, imagem, lingua, ts, descricao, tem_anomalia_redacao) VALUES ('-77, -77, 78, 78', '1', 'Lingua77', '2013/09/20 13:25:00', 'Descricao77', False);
INSERT INTO anomalia(zona, imagem, lingua, ts, descricao, tem_anomalia_redacao) VALUES ('-78, -78, 79, 79', '1', 'Lingua78', '2013/09/20 13:57:00', 'Descricao78', True);
INSERT INTO anomalia(zona, imagem, lingua, ts, descricao, tem_anomalia_redacao) VALUES ('-79, -79, 80, 80', '1', 'Lingua79', '2013/09/20 13:41:00', 'Descricao79', False);
INSERT INTO anomalia(zona, imagem, lingua, ts, descricao, tem_anomalia_redacao) VALUES ('-80, -80, 81, 81', '1', 'Lingua80', '2013/09/20 13:55:00', 'Descricao80', True);
INSERT INTO anomalia(zona, imagem, lingua, ts, descricao, tem_anomalia_redacao) VALUES ('-81, -81, 82, 82', '1', 'Lingua81', '2013/09/20 13:09:00', 'Descricao81', False);
INSERT INTO anomalia(zona, imagem, lingua, ts, descricao, tem_anomalia_redacao) VALUES ('-82, -82, 83, 83', '1', 'Lingua82', '2013/09/20 13:05:00', 'Descricao82', True);
INSERT INTO anomalia(zona, imagem, lingua, ts, descricao, tem_anomalia_redacao) VALUES ('-83, -83, 84, 84', '1', 'Lingua83', '2013/09/20 13:59:00', 'Descricao83', False);
INSERT INTO anomalia(zona, imagem, lingua, ts, descricao, tem_anomalia_redacao) VALUES ('-84, -84, 85, 85', '1', 'Lingua84', '2013/09/20 13:21:00', 'Descricao84', True);
INSERT INTO anomalia(zona, imagem, lingua, ts, descricao, tem_anomalia_redacao) VALUES ('-85, -85, 86, 86', '1', 'Lingua85', '2013/09/20 13:26:00', 'Descricao85', False);
INSERT INTO anomalia(zona, imagem, lingua, ts, descricao, tem_anomalia_redacao) VALUES ('-86, -86, 87, 87', '1', 'Lingua86', '2013/09/20 13:52:00', 'Descricao86', True);
INSERT INTO anomalia(zona, imagem, lingua, ts, descricao, tem_anomalia_redacao) VALUES ('-87, -87, 88, 88', '1', 'Lingua87', '2013/09/20 13:55:00', 'Descricao87', False);
INSERT INTO anomalia(zona, imagem, lingua, ts, descricao, tem_anomalia_redacao) VALUES ('-88, -88, 89, 89', '1', 'Lingua88', '2013/09/20 13:51:00', 'Descricao88', True);
INSERT INTO anomalia(zona, imagem, lingua, ts, descricao, tem_anomalia_redacao) VALUES ('-89, -89, 90, 90', '1', 'Lingua89', '2013/09/20 13:04:00', 'Descricao89', False);
INSERT INTO anomalia(zona, imagem, lingua, ts, descricao, tem_anomalia_redacao) VALUES ('-90, -90, 91, 91', '1', 'Lingua90', '2013/09/20 13:11:00', 'Descricao90', True);
INSERT INTO anomalia(zona, imagem, lingua, ts, descricao, tem_anomalia_redacao) VALUES ('-91, -91, 92, 92', '1', 'Lingua91', '2013/09/20 13:11:00', 'Descricao91', False);
INSERT INTO anomalia(zona, imagem, lingua, ts, descricao, tem_anomalia_redacao) VALUES ('-92, -92, 93, 93', '1', 'Lingua92', '2013/09/20 13:17:00', 'Descricao92', True);
INSERT INTO anomalia(zona, imagem, lingua, ts, descricao, tem_anomalia_redacao) VALUES ('-93, -93, 94, 94', '1', 'Lingua93', '2013/09/20 13:15:00', 'Descricao93', False);
INSERT INTO anomalia(zona, imagem, lingua, ts, descricao, tem_anomalia_redacao) VALUES ('-94, -94, 95, 95', '1', 'Lingua94', '2013/09/20 13:35:00', 'Descricao94', True);
INSERT INTO anomalia(zona, imagem, lingua, ts, descricao, tem_anomalia_redacao) VALUES ('-95, -95, 96, 96', '1', 'Lingua95', '2013/09/20 13:20:00', 'Descricao95', False);
INSERT INTO anomalia(zona, imagem, lingua, ts, descricao, tem_anomalia_redacao) VALUES ('-96, -96, 97, 97', '1', 'Lingua96', '2013/09/20 13:56:00', 'Descricao96', True);
INSERT INTO anomalia(zona, imagem, lingua, ts, descricao, tem_anomalia_redacao) VALUES ('-97, -97, 98, 98', '1', 'Lingua97', '2013/09/20 13:55:00', 'Descricao97', False);
INSERT INTO anomalia(zona, imagem, lingua, ts, descricao, tem_anomalia_redacao) VALUES ('-98, -98, 99, 99', '1', 'Lingua98', '2013/09/20 13:36:00', 'Descricao98', True);
INSERT INTO anomalia(zona, imagem, lingua, ts, descricao, tem_anomalia_redacao) VALUES ('-99, -99, 100, 100', '1', 'Lingua99', '2013/09/20 13:37:00', 'Descricao99', False);

-- Populate Anomalia Traducao
INSERT INTO anomalia_traducao(id, zona2, lingua2) VALUES (1, '0, 0, 1, 1', 'Lingua0');
INSERT INTO anomalia_traducao(id, zona2, lingua2) VALUES (4, '-3, -3, 4, 4', 'Lingua3');
INSERT INTO anomalia_traducao(id, zona2, lingua2) VALUES (7, '-6, -6, 7, 7', 'Lingua6');
INSERT INTO anomalia_traducao(id, zona2, lingua2) VALUES (10, '-9, -9, 10, 10', 'Lingua9');
INSERT INTO anomalia_traducao(id, zona2, lingua2) VALUES (13, '-12, -12, 13, 13', 'Lingua12');
INSERT INTO anomalia_traducao(id, zona2, lingua2) VALUES (16, '-15, -15, 16, 16', 'Lingua15');
INSERT INTO anomalia_traducao(id, zona2, lingua2) VALUES (19, '-18, -18, 19, 19', 'Lingua18');
INSERT INTO anomalia_traducao(id, zona2, lingua2) VALUES (22, '-21, -21, 22, 22', 'Lingua21');
INSERT INTO anomalia_traducao(id, zona2, lingua2) VALUES (25, '-24, -24, 25, 25', 'Lingua24');
INSERT INTO anomalia_traducao(id, zona2, lingua2) VALUES (28, '-27, -27, 28, 28', 'Lingua27');
INSERT INTO anomalia_traducao(id, zona2, lingua2) VALUES (31, '-30, -30, 31, 31', 'Lingua30');
INSERT INTO anomalia_traducao(id, zona2, lingua2) VALUES (34, '-33, -33, 34, 34', 'Lingua33');
INSERT INTO anomalia_traducao(id, zona2, lingua2) VALUES (37, '-36, -36, 37, 37', 'Lingua36');
INSERT INTO anomalia_traducao(id, zona2, lingua2) VALUES (40, '-39, -39, 40, 40', 'Lingua39');
INSERT INTO anomalia_traducao(id, zona2, lingua2) VALUES (43, '-42, -42, 43, 43', 'Lingua42');
INSERT INTO anomalia_traducao(id, zona2, lingua2) VALUES (46, '-45, -45, 46, 46', 'Lingua45');
INSERT INTO anomalia_traducao(id, zona2, lingua2) VALUES (49, '-48, -48, 49, 49', 'Lingua48');
INSERT INTO anomalia_traducao(id, zona2, lingua2) VALUES (52, '-51, -51, 52, 52', 'Lingua51');
INSERT INTO anomalia_traducao(id, zona2, lingua2) VALUES (55, '-54, -54, 55, 55', 'Lingua54');
INSERT INTO anomalia_traducao(id, zona2, lingua2) VALUES (58, '-57, -57, 58, 58', 'Lingua57');
INSERT INTO anomalia_traducao(id, zona2, lingua2) VALUES (61, '-60, -60, 61, 61', 'Lingua60');
INSERT INTO anomalia_traducao(id, zona2, lingua2) VALUES (64, '-63, -63, 64, 64', 'Lingua63');
INSERT INTO anomalia_traducao(id, zona2, lingua2) VALUES (67, '-66, -66, 67, 67', 'Lingua66');
INSERT INTO anomalia_traducao(id, zona2, lingua2) VALUES (70, '-69, -69, 70, 70', 'Lingua69');
INSERT INTO anomalia_traducao(id, zona2, lingua2) VALUES (73, '-72, -72, 73, 73', 'Lingua72');
INSERT INTO anomalia_traducao(id, zona2, lingua2) VALUES (76, '-75, -75, 76, 76', 'Lingua75');
INSERT INTO anomalia_traducao(id, zona2, lingua2) VALUES (79, '-78, -78, 79, 79', 'Lingua78');
INSERT INTO anomalia_traducao(id, zona2, lingua2) VALUES (82, '-81, -81, 82, 82', 'Lingua81');
INSERT INTO anomalia_traducao(id, zona2, lingua2) VALUES (85, '-84, -84, 85, 85', 'Lingua84');
INSERT INTO anomalia_traducao(id, zona2, lingua2) VALUES (88, '-87, -87, 88, 88', 'Lingua87');
INSERT INTO anomalia_traducao(id, zona2, lingua2) VALUES (91, '-90, -90, 91, 91', 'Lingua90');
INSERT INTO anomalia_traducao(id, zona2, lingua2) VALUES (94, '-93, -93, 94, 94', 'Lingua93');
INSERT INTO anomalia_traducao(id, zona2, lingua2) VALUES (97, '-96, -96, 97, 97', 'Lingua96');
INSERT INTO anomalia_traducao(id, zona2, lingua2) VALUES (100, '-99, -99, 100, 100', 'Lingua99');

-- Populates Duplicado
INSERT INTO duplicado(item1, item2) VALUES (5, 23);
INSERT INTO duplicado(item1, item2) VALUES (1, 31);
INSERT INTO duplicado(item1, item2) VALUES (3, 92);
INSERT INTO duplicado(item1, item2) VALUES (39, 81);
INSERT INTO duplicado(item1, item2) VALUES (50, 54);
INSERT INTO duplicado(item1, item2) VALUES (13, 79);
INSERT INTO duplicado(item1, item2) VALUES (57, 92);
INSERT INTO duplicado(item1, item2) VALUES (3, 6);
INSERT INTO duplicado(item1, item2) VALUES (16, 83);
INSERT INTO duplicado(item1, item2) VALUES (13, 28);
INSERT INTO duplicado(item1, item2) VALUES (24, 38);
INSERT INTO duplicado(item1, item2) VALUES (18, 61);
INSERT INTO duplicado(item1, item2) VALUES (16, 26);
INSERT INTO duplicado(item1, item2) VALUES (81, 91);
INSERT INTO duplicado(item1, item2) VALUES (40, 53);
INSERT INTO duplicado(item1, item2) VALUES (52, 98);
INSERT INTO duplicado(item1, item2) VALUES (3, 15);
INSERT INTO duplicado(item1, item2) VALUES (9, 23);
INSERT INTO duplicado(item1, item2) VALUES (58, 99);
INSERT INTO duplicado(item1, item2) VALUES (20, 55);
INSERT INTO duplicado(item1, item2) VALUES (37, 82);
INSERT INTO duplicado(item1, item2) VALUES (2, 94);
INSERT INTO duplicado(item1, item2) VALUES (10, 29);
INSERT INTO duplicado(item1, item2) VALUES (5, 55);
INSERT INTO duplicado(item1, item2) VALUES (71, 77);
INSERT INTO duplicado(item1, item2) VALUES (5, 28);
INSERT INTO duplicado(item1, item2) VALUES (1, 22);
INSERT INTO duplicado(item1, item2) VALUES (51, 57);
INSERT INTO duplicado(item1, item2) VALUES (8, 92);
INSERT INTO duplicado(item1, item2) VALUES (44, 53);
INSERT INTO duplicado(item1, item2) VALUES (12, 24);
INSERT INTO duplicado(item1, item2) VALUES (14, 82);
INSERT INTO duplicado(item1, item2) VALUES (6, 80);
INSERT INTO duplicado(item1, item2) VALUES (15, 36);
INSERT INTO duplicado(item1, item2) VALUES (36, 46);
INSERT INTO duplicado(item1, item2) VALUES (17, 50);
INSERT INTO duplicado(item1, item2) VALUES (35, 88);
INSERT INTO duplicado(item1, item2) VALUES (3, 7);
INSERT INTO duplicado(item1, item2) VALUES (81, 95);
INSERT INTO duplicado(item1, item2) VALUES (16, 20);
INSERT INTO duplicado(item1, item2) VALUES (22, 92);
INSERT INTO duplicado(item1, item2) VALUES (18, 19);
INSERT INTO duplicado(item1, item2) VALUES (11, 30);
INSERT INTO duplicado(item1, item2) VALUES (12, 46);
INSERT INTO duplicado(item1, item2) VALUES (8, 75);
INSERT INTO duplicado(item1, item2) VALUES (51, 58);
INSERT INTO duplicado(item1, item2) VALUES (33, 67);
INSERT INTO duplicado(item1, item2) VALUES (28, 88);
INSERT INTO duplicado(item1, item2) VALUES (51, 98);
INSERT INTO duplicado(item1, item2) VALUES (28, 63);
INSERT INTO duplicado(item1, item2) VALUES (15, 20);
INSERT INTO duplicado(item1, item2) VALUES (49, 56);
INSERT INTO duplicado(item1, item2) VALUES (8, 44);
INSERT INTO duplicado(item1, item2) VALUES (25, 55);
INSERT INTO duplicado(item1, item2) VALUES (9, 18);
INSERT INTO duplicado(item1, item2) VALUES (8, 9);
INSERT INTO duplicado(item1, item2) VALUES (36, 91);
INSERT INTO duplicado(item1, item2) VALUES (8, 10);
INSERT INTO duplicado(item1, item2) VALUES (28, 80);
INSERT INTO duplicado(item1, item2) VALUES (7, 12);
INSERT INTO duplicado(item1, item2) VALUES (1, 28);
INSERT INTO duplicado(item1, item2) VALUES (15, 34);
INSERT INTO duplicado(item1, item2) VALUES (1, 11);
INSERT INTO duplicado(item1, item2) VALUES (5, 7);
INSERT INTO duplicado(item1, item2) VALUES (30, 97);
INSERT INTO duplicado(item1, item2) VALUES (17, 29);
INSERT INTO duplicado(item1, item2) VALUES (18, 41);
INSERT INTO duplicado(item1, item2) VALUES (27, 96);
INSERT INTO duplicado(item1, item2) VALUES (29, 60);
INSERT INTO duplicado(item1, item2) VALUES (5, 6);
INSERT INTO duplicado(item1, item2) VALUES (12, 52);
INSERT INTO duplicado(item1, item2) VALUES (19, 86);
INSERT INTO duplicado(item1, item2) VALUES (30, 35);
INSERT INTO duplicado(item1, item2) VALUES (16, 87);
INSERT INTO duplicado(item1, item2) VALUES (7, 8);
INSERT INTO duplicado(item1, item2) VALUES (2, 10);
INSERT INTO duplicado(item1, item2) VALUES (28, 53);
INSERT INTO duplicado(item1, item2) VALUES (8, 15);
INSERT INTO duplicado(item1, item2) VALUES (18, 33);
INSERT INTO duplicado(item1, item2) VALUES (12, 57);
INSERT INTO duplicado(item1, item2) VALUES (68, 77);
INSERT INTO duplicado(item1, item2) VALUES (16, 52);
INSERT INTO duplicado(item1, item2) VALUES (16, 31);
INSERT INTO duplicado(item1, item2) VALUES (17, 98);
INSERT INTO duplicado(item1, item2) VALUES (29, 31);
INSERT INTO duplicado(item1, item2) VALUES (3, 5);
INSERT INTO duplicado(item1, item2) VALUES (35, 65);
INSERT INTO duplicado(item1, item2) VALUES (20, 51);
INSERT INTO duplicado(item1, item2) VALUES (18, 73);
INSERT INTO duplicado(item1, item2) VALUES (7, 10);
INSERT INTO duplicado(item1, item2) VALUES (36, 52);
INSERT INTO duplicado(item1, item2) VALUES (1, 83);
INSERT INTO duplicado(item1, item2) VALUES (34, 56);
INSERT INTO duplicado(item1, item2) VALUES (42, 46);
INSERT INTO duplicado(item1, item2) VALUES (32, 65);
INSERT INTO duplicado(item1, item2) VALUES (18, 66);
INSERT INTO duplicado(item1, item2) VALUES (8, 23);
INSERT INTO duplicado(item1, item2) VALUES (20, 65);
INSERT INTO duplicado(item1, item2) VALUES (53, 86);
INSERT INTO duplicado(item1, item2) VALUES (23, 48);

-- Populates Incidencia
INSERT INTO incidencia(anomalia_id, item_id, email) VALUES (1, 18, 'Email11');
INSERT INTO incidencia(anomalia_id, item_id, email) VALUES (2, 20, 'Email68');
INSERT INTO incidencia(anomalia_id, item_id, email) VALUES (3, 51, 'Email4');
INSERT INTO incidencia(anomalia_id, item_id, email) VALUES (4, 54, 'Email8');
INSERT INTO incidencia(anomalia_id, item_id, email) VALUES (5, 51, 'Email79');
INSERT INTO incidencia(anomalia_id, item_id, email) VALUES (6, 24, 'Email35');
INSERT INTO incidencia(anomalia_id, item_id, email) VALUES (7, 35, 'Email5');
INSERT INTO incidencia(anomalia_id, item_id, email) VALUES (8, 80, 'Email75');
INSERT INTO incidencia(anomalia_id, item_id, email) VALUES (9, 48, 'Email30');
INSERT INTO incidencia(anomalia_id, item_id, email) VALUES (10, 22, 'Email51');
INSERT INTO incidencia(anomalia_id, item_id, email) VALUES (11, 76, 'Email21');
INSERT INTO incidencia(anomalia_id, item_id, email) VALUES (12, 63, 'Email3');
INSERT INTO incidencia(anomalia_id, item_id, email) VALUES (13, 72, 'Email28');
INSERT INTO incidencia(anomalia_id, item_id, email) VALUES (14, 71, 'Email81');
INSERT INTO incidencia(anomalia_id, item_id, email) VALUES (15, 39, 'Email97');
INSERT INTO incidencia(anomalia_id, item_id, email) VALUES (16, 85, 'Email48');
INSERT INTO incidencia(anomalia_id, item_id, email) VALUES (17, 47, 'Email35');
INSERT INTO incidencia(anomalia_id, item_id, email) VALUES (18, 44, 'Email75');
INSERT INTO incidencia(anomalia_id, item_id, email) VALUES (19, 50, 'Email14');
INSERT INTO incidencia(anomalia_id, item_id, email) VALUES (20, 16, 'Email98');
INSERT INTO incidencia(anomalia_id, item_id, email) VALUES (21, 26, 'Email82');
INSERT INTO incidencia(anomalia_id, item_id, email) VALUES (22, 30, 'Email59');
INSERT INTO incidencia(anomalia_id, item_id, email) VALUES (23, 31, 'Email78');
INSERT INTO incidencia(anomalia_id, item_id, email) VALUES (24, 15, 'Email80');
INSERT INTO incidencia(anomalia_id, item_id, email) VALUES (25, 52, 'Email94');
INSERT INTO incidencia(anomalia_id, item_id, email) VALUES (26, 43, 'Email94');
INSERT INTO incidencia(anomalia_id, item_id, email) VALUES (27, 54, 'Email45');
INSERT INTO incidencia(anomalia_id, item_id, email) VALUES (28, 67, 'Email74');
INSERT INTO incidencia(anomalia_id, item_id, email) VALUES (29, 85, 'Email47');
INSERT INTO incidencia(anomalia_id, item_id, email) VALUES (30, 65, 'Email27');
INSERT INTO incidencia(anomalia_id, item_id, email) VALUES (31, 88, 'Email39');
INSERT INTO incidencia(anomalia_id, item_id, email) VALUES (32, 85, 'Email81');
INSERT INTO incidencia(anomalia_id, item_id, email) VALUES (33, 7, 'Email13');
INSERT INTO incidencia(anomalia_id, item_id, email) VALUES (34, 37, 'Email16');
INSERT INTO incidencia(anomalia_id, item_id, email) VALUES (35, 48, 'Email84');
INSERT INTO incidencia(anomalia_id, item_id, email) VALUES (36, 78, 'Email79');
INSERT INTO incidencia(anomalia_id, item_id, email) VALUES (37, 76, 'Email91');
INSERT INTO incidencia(anomalia_id, item_id, email) VALUES (38, 16, 'Email10');
INSERT INTO incidencia(anomalia_id, item_id, email) VALUES (39, 78, 'Email20');
INSERT INTO incidencia(anomalia_id, item_id, email) VALUES (40, 17, 'Email96');
INSERT INTO incidencia(anomalia_id, item_id, email) VALUES (41, 92, 'Email43');
INSERT INTO incidencia(anomalia_id, item_id, email) VALUES (42, 96, 'Email26');
INSERT INTO incidencia(anomalia_id, item_id, email) VALUES (43, 52, 'Email29');
INSERT INTO incidencia(anomalia_id, item_id, email) VALUES (44, 33, 'Email69');
INSERT INTO incidencia(anomalia_id, item_id, email) VALUES (45, 98, 'Email65');
INSERT INTO incidencia(anomalia_id, item_id, email) VALUES (46, 47, 'Email75');
INSERT INTO incidencia(anomalia_id, item_id, email) VALUES (47, 91, 'Email20');
INSERT INTO incidencia(anomalia_id, item_id, email) VALUES (48, 30, 'Email90');
INSERT INTO incidencia(anomalia_id, item_id, email) VALUES (49, 47, 'Email18');
INSERT INTO incidencia(anomalia_id, item_id, email) VALUES (50, 51, 'Email64');
INSERT INTO incidencia(anomalia_id, item_id, email) VALUES (51, 14, 'Email82');
INSERT INTO incidencia(anomalia_id, item_id, email) VALUES (52, 79, 'Email6');
INSERT INTO incidencia(anomalia_id, item_id, email) VALUES (53, 27, 'Email93');
INSERT INTO incidencia(anomalia_id, item_id, email) VALUES (54, 25, 'Email96');
INSERT INTO incidencia(anomalia_id, item_id, email) VALUES (55, 98, 'Email49');
INSERT INTO incidencia(anomalia_id, item_id, email) VALUES (56, 12, 'Email94');
INSERT INTO incidencia(anomalia_id, item_id, email) VALUES (57, 80, 'Email29');
INSERT INTO incidencia(anomalia_id, item_id, email) VALUES (58, 66, 'Email16');
INSERT INTO incidencia(anomalia_id, item_id, email) VALUES (59, 27, 'Email96');
INSERT INTO incidencia(anomalia_id, item_id, email) VALUES (60, 18, 'Email79');
INSERT INTO incidencia(anomalia_id, item_id, email) VALUES (61, 54, 'Email49');
INSERT INTO incidencia(anomalia_id, item_id, email) VALUES (62, 37, 'Email83');
INSERT INTO incidencia(anomalia_id, item_id, email) VALUES (63, 78, 'Email63');
INSERT INTO incidencia(anomalia_id, item_id, email) VALUES (64, 10, 'Email46');
INSERT INTO incidencia(anomalia_id, item_id, email) VALUES (65, 21, 'Email95');
INSERT INTO incidencia(anomalia_id, item_id, email) VALUES (66, 94, 'Email45');
INSERT INTO incidencia(anomalia_id, item_id, email) VALUES (67, 19, 'Email39');
INSERT INTO incidencia(anomalia_id, item_id, email) VALUES (68, 90, 'Email20');
INSERT INTO incidencia(anomalia_id, item_id, email) VALUES (69, 32, 'Email92');
INSERT INTO incidencia(anomalia_id, item_id, email) VALUES (70, 24, 'Email66');
INSERT INTO incidencia(anomalia_id, item_id, email) VALUES (71, 20, 'Email32');
INSERT INTO incidencia(anomalia_id, item_id, email) VALUES (72, 86, 'Email4');
INSERT INTO incidencia(anomalia_id, item_id, email) VALUES (73, 41, 'Email99');
INSERT INTO incidencia(anomalia_id, item_id, email) VALUES (74, 96, 'Email46');
INSERT INTO incidencia(anomalia_id, item_id, email) VALUES (75, 23, 'Email41');
INSERT INTO incidencia(anomalia_id, item_id, email) VALUES (76, 1, 'Email75');
INSERT INTO incidencia(anomalia_id, item_id, email) VALUES (77, 66, 'Email15');
INSERT INTO incidencia(anomalia_id, item_id, email) VALUES (78, 62, 'Email85');
INSERT INTO incidencia(anomalia_id, item_id, email) VALUES (79, 68, 'Email83');
INSERT INTO incidencia(anomalia_id, item_id, email) VALUES (80, 82, 'Email31');
INSERT INTO incidencia(anomalia_id, item_id, email) VALUES (81, 60, 'Email28');
INSERT INTO incidencia(anomalia_id, item_id, email) VALUES (82, 16, 'Email79');
INSERT INTO incidencia(anomalia_id, item_id, email) VALUES (83, 21, 'Email32');
INSERT INTO incidencia(anomalia_id, item_id, email) VALUES (84, 32, 'Email1');
INSERT INTO incidencia(anomalia_id, item_id, email) VALUES (85, 83, 'Email57');
INSERT INTO incidencia(anomalia_id, item_id, email) VALUES (86, 84, 'Email45');
INSERT INTO incidencia(anomalia_id, item_id, email) VALUES (87, 82, 'Email17');
INSERT INTO incidencia(anomalia_id, item_id, email) VALUES (88, 83, 'Email43');
INSERT INTO incidencia(anomalia_id, item_id, email) VALUES (89, 94, 'Email70');
INSERT INTO incidencia(anomalia_id, item_id, email) VALUES (90, 2, 'Email67');
INSERT INTO incidencia(anomalia_id, item_id, email) VALUES (91, 30, 'Email52');
INSERT INTO incidencia(anomalia_id, item_id, email) VALUES (92, 8, 'Email81');
INSERT INTO incidencia(anomalia_id, item_id, email) VALUES (93, 41, 'Email43');
INSERT INTO incidencia(anomalia_id, item_id, email) VALUES (94, 43, 'Email98');
INSERT INTO incidencia(anomalia_id, item_id, email) VALUES (95, 71, 'Email2');
INSERT INTO incidencia(anomalia_id, item_id, email) VALUES (96, 97, 'Email1');
INSERT INTO incidencia(anomalia_id, item_id, email) VALUES (97, 44, 'Email42');
INSERT INTO incidencia(anomalia_id, item_id, email) VALUES (98, 53, 'Email46');
INSERT INTO incidencia(anomalia_id, item_id, email) VALUES (99, 99, 'Email2');
INSERT INTO incidencia(anomalia_id, item_id, email) VALUES (100, 88, 'Email50');

-- Populate Proposta de Correcao
INSERT INTO proposta_de_correcao(email, nro, data_hora, texto) VALUES ('Email2', 0, '2013/09/20 13:27:00', 'Texto2');
INSERT INTO proposta_de_correcao(email, nro, data_hora, texto) VALUES ('Email2', 1, '2013/09/20 13:34:00', 'Texto2');
INSERT INTO proposta_de_correcao(email, nro, data_hora, texto) VALUES ('Email2', 2, '2013/09/20 13:04:00', 'Texto2');
INSERT INTO proposta_de_correcao(email, nro, data_hora, texto) VALUES ('Email4', 0, '2013/09/20 13:24:00', 'Texto4');
INSERT INTO proposta_de_correcao(email, nro, data_hora, texto) VALUES ('Email6', 0, '2013/09/20 13:13:00', 'Texto6');
INSERT INTO proposta_de_correcao(email, nro, data_hora, texto) VALUES ('Email12', 0, '2013/09/20 13:12:00', 'Texto12');
INSERT INTO proposta_de_correcao(email, nro, data_hora, texto) VALUES ('Email14', 0, '2013/09/20 13:36:00', 'Texto14');
INSERT INTO proposta_de_correcao(email, nro, data_hora, texto) VALUES ('Email18', 0, '2013/09/20 13:26:00', 'Texto18');
INSERT INTO proposta_de_correcao(email, nro, data_hora, texto) VALUES ('Email18', 1, '2013/09/20 13:59:00', 'Texto18');
INSERT INTO proposta_de_correcao(email, nro, data_hora, texto) VALUES ('Email18', 2, '2013/09/20 13:36:00', 'Texto18');
INSERT INTO proposta_de_correcao(email, nro, data_hora, texto) VALUES ('Email18', 3, '2013/09/20 13:18:00', 'Texto18');
INSERT INTO proposta_de_correcao(email, nro, data_hora, texto) VALUES ('Email20', 0, '2013/09/20 13:31:00', 'Texto20');
INSERT INTO proposta_de_correcao(email, nro, data_hora, texto) VALUES ('Email22', 0, '2013/09/20 13:52:00', 'Texto22');
INSERT INTO proposta_de_correcao(email, nro, data_hora, texto) VALUES ('Email22', 1, '2013/09/20 13:55:00', 'Texto22');
INSERT INTO proposta_de_correcao(email, nro, data_hora, texto) VALUES ('Email22', 2, '2013/09/20 13:30:00', 'Texto22');
INSERT INTO proposta_de_correcao(email, nro, data_hora, texto) VALUES ('Email26', 0, '2013/09/20 13:38:00', 'Texto26');
INSERT INTO proposta_de_correcao(email, nro, data_hora, texto) VALUES ('Email28', 0, '2013/09/20 13:34:00', 'Texto28');
INSERT INTO proposta_de_correcao(email, nro, data_hora, texto) VALUES ('Email30', 0, '2013/09/20 13:23:00', 'Texto30');
INSERT INTO proposta_de_correcao(email, nro, data_hora, texto) VALUES ('Email30', 1, '2013/09/20 13:45:00', 'Texto30');
INSERT INTO proposta_de_correcao(email, nro, data_hora, texto) VALUES ('Email30', 2, '2013/09/20 13:25:00', 'Texto30');
INSERT INTO proposta_de_correcao(email, nro, data_hora, texto) VALUES ('Email30', 3, '2013/09/20 13:22:00', 'Texto30');
INSERT INTO proposta_de_correcao(email, nro, data_hora, texto) VALUES ('Email32', 0, '2013/09/20 13:41:00', 'Texto32');
INSERT INTO proposta_de_correcao(email, nro, data_hora, texto) VALUES ('Email32', 1, '2013/09/20 13:43:00', 'Texto32');
INSERT INTO proposta_de_correcao(email, nro, data_hora, texto) VALUES ('Email32', 2, '2013/09/20 13:48:00', 'Texto32');
INSERT INTO proposta_de_correcao(email, nro, data_hora, texto) VALUES ('Email32', 3, '2013/09/20 13:03:00', 'Texto32');
INSERT INTO proposta_de_correcao(email, nro, data_hora, texto) VALUES ('Email34', 0, '2013/09/20 13:45:00', 'Texto34');
INSERT INTO proposta_de_correcao(email, nro, data_hora, texto) VALUES ('Email38', 0, '2013/09/20 13:20:00', 'Texto38');
INSERT INTO proposta_de_correcao(email, nro, data_hora, texto) VALUES ('Email40', 0, '2013/09/20 13:40:00', 'Texto40');
INSERT INTO proposta_de_correcao(email, nro, data_hora, texto) VALUES ('Email44', 0, '2013/09/20 13:29:00', 'Texto44');
INSERT INTO proposta_de_correcao(email, nro, data_hora, texto) VALUES ('Email44', 1, '2013/09/20 13:05:00', 'Texto44');
INSERT INTO proposta_de_correcao(email, nro, data_hora, texto) VALUES ('Email46', 0, '2013/09/20 13:00:00', 'Texto46');
INSERT INTO proposta_de_correcao(email, nro, data_hora, texto) VALUES ('Email48', 0, '2013/09/20 13:49:00', 'Texto48');
INSERT INTO proposta_de_correcao(email, nro, data_hora, texto) VALUES ('Email48', 1, '2013/09/20 13:44:00', 'Texto48');
INSERT INTO proposta_de_correcao(email, nro, data_hora, texto) VALUES ('Email48', 2, '2013/09/20 13:41:00', 'Texto48');
INSERT INTO proposta_de_correcao(email, nro, data_hora, texto) VALUES ('Email56', 0, '2013/09/20 13:24:00', 'Texto56');
INSERT INTO proposta_de_correcao(email, nro, data_hora, texto) VALUES ('Email58', 0, '2013/09/20 13:46:00', 'Texto58');
INSERT INTO proposta_de_correcao(email, nro, data_hora, texto) VALUES ('Email64', 0, '2013/09/20 13:55:00', 'Texto64');
INSERT INTO proposta_de_correcao(email, nro, data_hora, texto) VALUES ('Email64', 1, '2013/09/20 13:59:00', 'Texto64');
INSERT INTO proposta_de_correcao(email, nro, data_hora, texto) VALUES ('Email68', 0, '2013/09/20 13:10:00', 'Texto68');
INSERT INTO proposta_de_correcao(email, nro, data_hora, texto) VALUES ('Email68', 1, '2013/09/20 13:10:00', 'Texto68');
INSERT INTO proposta_de_correcao(email, nro, data_hora, texto) VALUES ('Email68', 2, '2013/09/20 13:45:00', 'Texto68');
INSERT INTO proposta_de_correcao(email, nro, data_hora, texto) VALUES ('Email70', 0, '2013/09/20 13:32:00', 'Texto70');
INSERT INTO proposta_de_correcao(email, nro, data_hora, texto) VALUES ('Email70', 1, '2013/09/20 13:50:00', 'Texto70');
INSERT INTO proposta_de_correcao(email, nro, data_hora, texto) VALUES ('Email72', 0, '2013/09/20 13:47:00', 'Texto72');
INSERT INTO proposta_de_correcao(email, nro, data_hora, texto) VALUES ('Email72', 1, '2013/09/20 13:50:00', 'Texto72');
INSERT INTO proposta_de_correcao(email, nro, data_hora, texto) VALUES ('Email72', 2, '2013/09/20 13:12:00', 'Texto72');
INSERT INTO proposta_de_correcao(email, nro, data_hora, texto) VALUES ('Email74', 0, '2013/09/20 13:30:00', 'Texto74');
INSERT INTO proposta_de_correcao(email, nro, data_hora, texto) VALUES ('Email74', 1, '2013/09/20 13:53:00', 'Texto74');
INSERT INTO proposta_de_correcao(email, nro, data_hora, texto) VALUES ('Email76', 0, '2013/09/20 13:04:00', 'Texto76');
INSERT INTO proposta_de_correcao(email, nro, data_hora, texto) VALUES ('Email76', 1, '2013/09/20 13:54:00', 'Texto76');
INSERT INTO proposta_de_correcao(email, nro, data_hora, texto) VALUES ('Email76', 2, '2013/09/20 13:27:00', 'Texto76');
INSERT INTO proposta_de_correcao(email, nro, data_hora, texto) VALUES ('Email76', 3, '2013/09/20 13:27:00', 'Texto76');
INSERT INTO proposta_de_correcao(email, nro, data_hora, texto) VALUES ('Email78', 0, '2013/09/20 13:45:00', 'Texto78');
INSERT INTO proposta_de_correcao(email, nro, data_hora, texto) VALUES ('Email78', 1, '2013/09/20 13:18:00', 'Texto78');
INSERT INTO proposta_de_correcao(email, nro, data_hora, texto) VALUES ('Email78', 2, '2013/09/20 13:49:00', 'Texto78');
INSERT INTO proposta_de_correcao(email, nro, data_hora, texto) VALUES ('Email78', 3, '2013/09/20 13:54:00', 'Texto78');
INSERT INTO proposta_de_correcao(email, nro, data_hora, texto) VALUES ('Email80', 0, '2013/09/20 13:00:00', 'Texto80');
INSERT INTO proposta_de_correcao(email, nro, data_hora, texto) VALUES ('Email80', 1, '2013/09/20 13:35:00', 'Texto80');
INSERT INTO proposta_de_correcao(email, nro, data_hora, texto) VALUES ('Email82', 0, '2013/09/20 13:23:00', 'Texto82');
INSERT INTO proposta_de_correcao(email, nro, data_hora, texto) VALUES ('Email82', 1, '2013/09/20 13:23:00', 'Texto82');
INSERT INTO proposta_de_correcao(email, nro, data_hora, texto) VALUES ('Email84', 0, '2013/09/20 13:57:00', 'Texto84');
INSERT INTO proposta_de_correcao(email, nro, data_hora, texto) VALUES ('Email84', 1, '2013/09/20 13:39:00', 'Texto84');
INSERT INTO proposta_de_correcao(email, nro, data_hora, texto) VALUES ('Email84', 2, '2013/09/20 13:40:00', 'Texto84');
INSERT INTO proposta_de_correcao(email, nro, data_hora, texto) VALUES ('Email84', 3, '2013/09/20 13:43:00', 'Texto84');
INSERT INTO proposta_de_correcao(email, nro, data_hora, texto) VALUES ('Email86', 0, '2013/09/20 13:06:00', 'Texto86');
INSERT INTO proposta_de_correcao(email, nro, data_hora, texto) VALUES ('Email86', 1, '2013/09/20 13:39:00', 'Texto86');
INSERT INTO proposta_de_correcao(email, nro, data_hora, texto) VALUES ('Email86', 2, '2013/09/20 13:10:00', 'Texto86');
INSERT INTO proposta_de_correcao(email, nro, data_hora, texto) VALUES ('Email88', 0, '2013/09/20 13:37:00', 'Texto88');
INSERT INTO proposta_de_correcao(email, nro, data_hora, texto) VALUES ('Email88', 1, '2013/09/20 13:16:00', 'Texto88');
INSERT INTO proposta_de_correcao(email, nro, data_hora, texto) VALUES ('Email90', 0, '2013/09/20 13:31:00', 'Texto90');
INSERT INTO proposta_de_correcao(email, nro, data_hora, texto) VALUES ('Email90', 1, '2013/09/20 13:18:00', 'Texto90');
INSERT INTO proposta_de_correcao(email, nro, data_hora, texto) VALUES ('Email90', 2, '2013/09/20 13:58:00', 'Texto90');
INSERT INTO proposta_de_correcao(email, nro, data_hora, texto) VALUES ('Email90', 3, '2013/09/20 13:30:00', 'Texto90');
INSERT INTO proposta_de_correcao(email, nro, data_hora, texto) VALUES ('Email92', 0, '2013/09/20 13:06:00', 'Texto92');
INSERT INTO proposta_de_correcao(email, nro, data_hora, texto) VALUES ('Email96', 0, '2013/09/20 13:14:00', 'Texto96');
INSERT INTO proposta_de_correcao(email, nro, data_hora, texto) VALUES ('Email96', 1, '2013/09/20 13:26:00', 'Texto96');
INSERT INTO proposta_de_correcao(email, nro, data_hora, texto) VALUES ('Email96', 2, '2013/09/20 13:47:00', 'Texto96');
INSERT INTO proposta_de_correcao(email, nro, data_hora, texto) VALUES ('Email96', 3, '2013/09/20 13:26:00', 'Texto96');
INSERT INTO proposta_de_correcao(email, nro, data_hora, texto) VALUES ('Email98', 0, '2013/09/20 13:21:00', 'Texto98');

-- Populate Correcao
INSERT INTO correcao(email, nro, anomalia_id) VALUES ('Email2', 0, 66);
INSERT INTO correcao(email, nro, anomalia_id) VALUES ('Email2', 1, 49);
INSERT INTO correcao(email, nro, anomalia_id) VALUES ('Email2', 2, 24);
INSERT INTO correcao(email, nro, anomalia_id) VALUES ('Email4', 0, 31);
INSERT INTO correcao(email, nro, anomalia_id) VALUES ('Email6', 0, 7);
INSERT INTO correcao(email, nro, anomalia_id) VALUES ('Email12', 0, 49);
INSERT INTO correcao(email, nro, anomalia_id) VALUES ('Email14', 0, 50);
INSERT INTO correcao(email, nro, anomalia_id) VALUES ('Email18', 0, 41);
INSERT INTO correcao(email, nro, anomalia_id) VALUES ('Email18', 1, 38);
INSERT INTO correcao(email, nro, anomalia_id) VALUES ('Email18', 2, 31);
INSERT INTO correcao(email, nro, anomalia_id) VALUES ('Email18', 3, 11);
INSERT INTO correcao(email, nro, anomalia_id) VALUES ('Email20', 0, 45);
INSERT INTO correcao(email, nro, anomalia_id) VALUES ('Email22', 0, 53);
INSERT INTO correcao(email, nro, anomalia_id) VALUES ('Email22', 1, 68);
INSERT INTO correcao(email, nro, anomalia_id) VALUES ('Email22', 2, 40);
INSERT INTO correcao(email, nro, anomalia_id) VALUES ('Email26', 0, 79);
INSERT INTO correcao(email, nro, anomalia_id) VALUES ('Email28', 0, 41);
INSERT INTO correcao(email, nro, anomalia_id) VALUES ('Email30', 0, 57);
INSERT INTO correcao(email, nro, anomalia_id) VALUES ('Email30', 1, 85);
INSERT INTO correcao(email, nro, anomalia_id) VALUES ('Email30', 2, 28);
INSERT INTO correcao(email, nro, anomalia_id) VALUES ('Email30', 3, 11);
INSERT INTO correcao(email, nro, anomalia_id) VALUES ('Email32', 0, 22);
INSERT INTO correcao(email, nro, anomalia_id) VALUES ('Email32', 1, 29);
INSERT INTO correcao(email, nro, anomalia_id) VALUES ('Email32', 2, 4);
INSERT INTO correcao(email, nro, anomalia_id) VALUES ('Email32', 3, 70);
INSERT INTO correcao(email, nro, anomalia_id) VALUES ('Email34', 0, 71);
INSERT INTO correcao(email, nro, anomalia_id) VALUES ('Email38', 0, 89);
INSERT INTO correcao(email, nro, anomalia_id) VALUES ('Email40', 0, 57);
INSERT INTO correcao(email, nro, anomalia_id) VALUES ('Email44', 0, 9);
INSERT INTO correcao(email, nro, anomalia_id) VALUES ('Email44', 1, 27);
INSERT INTO correcao(email, nro, anomalia_id) VALUES ('Email46', 0, 61);
INSERT INTO correcao(email, nro, anomalia_id) VALUES ('Email48', 0, 19);
INSERT INTO correcao(email, nro, anomalia_id) VALUES ('Email48', 1, 95);
INSERT INTO correcao(email, nro, anomalia_id) VALUES ('Email48', 2, 61);
INSERT INTO correcao(email, nro, anomalia_id) VALUES ('Email56', 0, 25);
INSERT INTO correcao(email, nro, anomalia_id) VALUES ('Email58', 0, 3);
INSERT INTO correcao(email, nro, anomalia_id) VALUES ('Email64', 0, 81);
INSERT INTO correcao(email, nro, anomalia_id) VALUES ('Email64', 1, 46);
INSERT INTO correcao(email, nro, anomalia_id) VALUES ('Email68', 0, 35);
INSERT INTO correcao(email, nro, anomalia_id) VALUES ('Email68', 1, 10);
INSERT INTO correcao(email, nro, anomalia_id) VALUES ('Email68', 2, 3);
INSERT INTO correcao(email, nro, anomalia_id) VALUES ('Email70', 0, 21);
INSERT INTO correcao(email, nro, anomalia_id) VALUES ('Email70', 1, 65);
INSERT INTO correcao(email, nro, anomalia_id) VALUES ('Email72', 0, 1);
INSERT INTO correcao(email, nro, anomalia_id) VALUES ('Email72', 1, 67);
INSERT INTO correcao(email, nro, anomalia_id) VALUES ('Email72', 2, 41);
INSERT INTO correcao(email, nro, anomalia_id) VALUES ('Email74', 0, 29);
INSERT INTO correcao(email, nro, anomalia_id) VALUES ('Email74', 1, 92);
INSERT INTO correcao(email, nro, anomalia_id) VALUES ('Email76', 0, 78);
INSERT INTO correcao(email, nro, anomalia_id) VALUES ('Email76', 1, 27);
INSERT INTO correcao(email, nro, anomalia_id) VALUES ('Email76', 2, 63);
INSERT INTO correcao(email, nro, anomalia_id) VALUES ('Email76', 3, 63);
INSERT INTO correcao(email, nro, anomalia_id) VALUES ('Email78', 0, 52);
INSERT INTO correcao(email, nro, anomalia_id) VALUES ('Email78', 1, 65);
INSERT INTO correcao(email, nro, anomalia_id) VALUES ('Email78', 2, 67);
INSERT INTO correcao(email, nro, anomalia_id) VALUES ('Email78', 3, 23);
INSERT INTO correcao(email, nro, anomalia_id) VALUES ('Email80', 0, 25);
INSERT INTO correcao(email, nro, anomalia_id) VALUES ('Email80', 1, 53);
INSERT INTO correcao(email, nro, anomalia_id) VALUES ('Email82', 0, 75);
INSERT INTO correcao(email, nro, anomalia_id) VALUES ('Email82', 1, 52);
INSERT INTO correcao(email, nro, anomalia_id) VALUES ('Email84', 0, 94);
INSERT INTO correcao(email, nro, anomalia_id) VALUES ('Email84', 1, 41);
INSERT INTO correcao(email, nro, anomalia_id) VALUES ('Email84', 2, 74);
INSERT INTO correcao(email, nro, anomalia_id) VALUES ('Email84', 3, 20);
INSERT INTO correcao(email, nro, anomalia_id) VALUES ('Email86', 0, 33);
INSERT INTO correcao(email, nro, anomalia_id) VALUES ('Email86', 1, 44);
INSERT INTO correcao(email, nro, anomalia_id) VALUES ('Email86', 2, 69);
INSERT INTO correcao(email, nro, anomalia_id) VALUES ('Email88', 0, 15);
INSERT INTO correcao(email, nro, anomalia_id) VALUES ('Email88', 1, 6);
INSERT INTO correcao(email, nro, anomalia_id) VALUES ('Email90', 0, 4);
INSERT INTO correcao(email, nro, anomalia_id) VALUES ('Email90', 1, 17);
INSERT INTO correcao(email, nro, anomalia_id) VALUES ('Email90', 2, 6);
INSERT INTO correcao(email, nro, anomalia_id) VALUES ('Email90', 3, 73);
INSERT INTO correcao(email, nro, anomalia_id) VALUES ('Email92', 0, 5);
INSERT INTO correcao(email, nro, anomalia_id) VALUES ('Email96', 0, 82);
INSERT INTO correcao(email, nro, anomalia_id) VALUES ('Email96', 1, 33);
INSERT INTO correcao(email, nro, anomalia_id) VALUES ('Email96', 2, 96);
INSERT INTO correcao(email, nro, anomalia_id) VALUES ('Email96', 3, 57);
INSERT INTO correcao(email, nro, anomalia_id) VALUES ('Email98', 0, 53);
