-- Populate Utilizador
INSERT INTO utilizador(email, password) VALUES ('Email0', 'password0');
INSERT INTO utilizador(email, password) VALUES ('Email1', 'password1');
INSERT INTO utilizador(email, password) VALUES ('Email2', 'password2');
INSERT INTO utilizador(email, password) VALUES ('Email3', 'password3');
INSERT INTO utilizador(email, password) VALUES ('Email4', 'password4');
INSERT INTO utilizador(email, password) VALUES ('Email5', 'password5');
INSERT INTO utilizador(email, password) VALUES ('Email6', 'password6');
INSERT INTO utilizador(email, password) VALUES ('Email7', 'password7');
INSERT INTO utilizador(email, password) VALUES ('Email8', 'password8');
INSERT INTO utilizador(email, password) VALUES ('Email9', 'password9');
INSERT INTO utilizador(email, password) VALUES ('Email10', 'password10');
INSERT INTO utilizador(email, password) VALUES ('Email11', 'password11');
INSERT INTO utilizador(email, password) VALUES ('Email12', 'password12');
INSERT INTO utilizador(email, password) VALUES ('Email13', 'password13');
INSERT INTO utilizador(email, password) VALUES ('Email14', 'password14');
INSERT INTO utilizador(email, password) VALUES ('Email15', 'password15');
INSERT INTO utilizador(email, password) VALUES ('Email16', 'password16');
INSERT INTO utilizador(email, password) VALUES ('Email17', 'password17');
INSERT INTO utilizador(email, password) VALUES ('Email18', 'password18');
INSERT INTO utilizador(email, password) VALUES ('Email19', 'password19');
INSERT INTO utilizador(email, password) VALUES ('Email20', 'password20');
INSERT INTO utilizador(email, password) VALUES ('Email21', 'password21');
INSERT INTO utilizador(email, password) VALUES ('Email22', 'password22');
INSERT INTO utilizador(email, password) VALUES ('Email23', 'password23');
INSERT INTO utilizador(email, password) VALUES ('Email24', 'password24');
INSERT INTO utilizador(email, password) VALUES ('Email25', 'password25');
INSERT INTO utilizador(email, password) VALUES ('Email26', 'password26');
INSERT INTO utilizador(email, password) VALUES ('Email27', 'password27');
INSERT INTO utilizador(email, password) VALUES ('Email28', 'password28');
INSERT INTO utilizador(email, password) VALUES ('Email29', 'password29');
INSERT INTO utilizador(email, password) VALUES ('Email30', 'password30');
INSERT INTO utilizador(email, password) VALUES ('Email31', 'password31');
INSERT INTO utilizador(email, password) VALUES ('Email32', 'password32');
INSERT INTO utilizador(email, password) VALUES ('Email33', 'password33');
INSERT INTO utilizador(email, password) VALUES ('Email34', 'password34');
INSERT INTO utilizador(email, password) VALUES ('Email35', 'password35');
INSERT INTO utilizador(email, password) VALUES ('Email36', 'password36');
INSERT INTO utilizador(email, password) VALUES ('Email37', 'password37');
INSERT INTO utilizador(email, password) VALUES ('Email38', 'password38');
INSERT INTO utilizador(email, password) VALUES ('Email39', 'password39');
INSERT INTO utilizador(email, password) VALUES ('Email40', 'password40');
INSERT INTO utilizador(email, password) VALUES ('Email41', 'password41');
INSERT INTO utilizador(email, password) VALUES ('Email42', 'password42');
INSERT INTO utilizador(email, password) VALUES ('Email43', 'password43');
INSERT INTO utilizador(email, password) VALUES ('Email44', 'password44');
INSERT INTO utilizador(email, password) VALUES ('Email45', 'password45');
INSERT INTO utilizador(email, password) VALUES ('Email46', 'password46');
INSERT INTO utilizador(email, password) VALUES ('Email47', 'password47');
INSERT INTO utilizador(email, password) VALUES ('Email48', 'password48');
INSERT INTO utilizador(email, password) VALUES ('Email49', 'password49');

-- Populate Utilizador Qualificado
INSERT INTO utilizador_qualificado(email) VALUES ('Email0');
INSERT INTO utilizador_qualificado(email) VALUES ('Email2');
INSERT INTO utilizador_qualificado(email) VALUES ('Email4');
INSERT INTO utilizador_qualificado(email) VALUES ('Email6');
INSERT INTO utilizador_qualificado(email) VALUES ('Email8');
INSERT INTO utilizador_qualificado(email) VALUES ('Email10');
INSERT INTO utilizador_qualificado(email) VALUES ('Email12');
INSERT INTO utilizador_qualificado(email) VALUES ('Email14');
INSERT INTO utilizador_qualificado(email) VALUES ('Email16');
INSERT INTO utilizador_qualificado(email) VALUES ('Email18');
INSERT INTO utilizador_qualificado(email) VALUES ('Email20');
INSERT INTO utilizador_qualificado(email) VALUES ('Email22');
INSERT INTO utilizador_qualificado(email) VALUES ('Email24');
INSERT INTO utilizador_qualificado(email) VALUES ('Email26');
INSERT INTO utilizador_qualificado(email) VALUES ('Email28');
INSERT INTO utilizador_qualificado(email) VALUES ('Email30');
INSERT INTO utilizador_qualificado(email) VALUES ('Email32');
INSERT INTO utilizador_qualificado(email) VALUES ('Email34');
INSERT INTO utilizador_qualificado(email) VALUES ('Email36');
INSERT INTO utilizador_qualificado(email) VALUES ('Email38');
INSERT INTO utilizador_qualificado(email) VALUES ('Email40');
INSERT INTO utilizador_qualificado(email) VALUES ('Email42');
INSERT INTO utilizador_qualificado(email) VALUES ('Email44');
INSERT INTO utilizador_qualificado(email) VALUES ('Email46');
INSERT INTO utilizador_qualificado(email) VALUES ('Email48');

-- Populate Utilizador Regular
INSERT INTO utilizador_regular(email) VALUES ('Email1');
INSERT INTO utilizador_regular(email) VALUES ('Email3');
INSERT INTO utilizador_regular(email) VALUES ('Email5');
INSERT INTO utilizador_regular(email) VALUES ('Email7');
INSERT INTO utilizador_regular(email) VALUES ('Email9');
INSERT INTO utilizador_regular(email) VALUES ('Email11');
INSERT INTO utilizador_regular(email) VALUES ('Email13');
INSERT INTO utilizador_regular(email) VALUES ('Email15');
INSERT INTO utilizador_regular(email) VALUES ('Email17');
INSERT INTO utilizador_regular(email) VALUES ('Email19');
INSERT INTO utilizador_regular(email) VALUES ('Email21');
INSERT INTO utilizador_regular(email) VALUES ('Email23');
INSERT INTO utilizador_regular(email) VALUES ('Email25');
INSERT INTO utilizador_regular(email) VALUES ('Email27');
INSERT INTO utilizador_regular(email) VALUES ('Email29');
INSERT INTO utilizador_regular(email) VALUES ('Email31');
INSERT INTO utilizador_regular(email) VALUES ('Email33');
INSERT INTO utilizador_regular(email) VALUES ('Email35');
INSERT INTO utilizador_regular(email) VALUES ('Email37');
INSERT INTO utilizador_regular(email) VALUES ('Email39');
INSERT INTO utilizador_regular(email) VALUES ('Email41');
INSERT INTO utilizador_regular(email) VALUES ('Email43');
INSERT INTO utilizador_regular(email) VALUES ('Email45');
INSERT INTO utilizador_regular(email) VALUES ('Email47');
INSERT INTO utilizador_regular(email) VALUES ('Email49');

-- Populate Local Publico
INSERT INTO local_publico(latitude, longitude, nome) VALUES (-50, -50, 'LocalPublico0');
INSERT INTO local_publico(latitude, longitude, nome) VALUES (-50, -44, 'LocalPublico1');
INSERT INTO local_publico(latitude, longitude, nome) VALUES (-50, -38, 'LocalPublico2');
INSERT INTO local_publico(latitude, longitude, nome) VALUES (-50, -32, 'LocalPublico3');
INSERT INTO local_publico(latitude, longitude, nome) VALUES (-50, -26, 'LocalPublico4');
INSERT INTO local_publico(latitude, longitude, nome) VALUES (-50, -20, 'LocalPublico5');
INSERT INTO local_publico(latitude, longitude, nome) VALUES (-50, -14, 'LocalPublico6');
INSERT INTO local_publico(latitude, longitude, nome) VALUES (-50, -8, 'LocalPublico7');
INSERT INTO local_publico(latitude, longitude, nome) VALUES (-50, -2, 'LocalPublico8');
INSERT INTO local_publico(latitude, longitude, nome) VALUES (-50, 4, 'LocalPublico9');
INSERT INTO local_publico(latitude, longitude, nome) VALUES (-50, 10, 'LocalPublico10');
INSERT INTO local_publico(latitude, longitude, nome) VALUES (-50, 16, 'LocalPublico11');
INSERT INTO local_publico(latitude, longitude, nome) VALUES (-50, 22, 'LocalPublico12');
INSERT INTO local_publico(latitude, longitude, nome) VALUES (-50, 28, 'LocalPublico13');
INSERT INTO local_publico(latitude, longitude, nome) VALUES (-50, 34, 'LocalPublico14');
INSERT INTO local_publico(latitude, longitude, nome) VALUES (-50, 40, 'LocalPublico15');
INSERT INTO local_publico(latitude, longitude, nome) VALUES (-50, 46, 'LocalPublico16');
INSERT INTO local_publico(latitude, longitude, nome) VALUES (-41, -50, 'LocalPublico17');
INSERT INTO local_publico(latitude, longitude, nome) VALUES (-41, -45, 'LocalPublico18');
INSERT INTO local_publico(latitude, longitude, nome) VALUES (-41, -40, 'LocalPublico19');
INSERT INTO local_publico(latitude, longitude, nome) VALUES (-41, -35, 'LocalPublico20');
INSERT INTO local_publico(latitude, longitude, nome) VALUES (-41, -30, 'LocalPublico21');
INSERT INTO local_publico(latitude, longitude, nome) VALUES (-41, -25, 'LocalPublico22');
INSERT INTO local_publico(latitude, longitude, nome) VALUES (-41, -20, 'LocalPublico23');
INSERT INTO local_publico(latitude, longitude, nome) VALUES (-41, -15, 'LocalPublico24');
INSERT INTO local_publico(latitude, longitude, nome) VALUES (-41, -10, 'LocalPublico25');
INSERT INTO local_publico(latitude, longitude, nome) VALUES (-41, -5, 'LocalPublico26');
INSERT INTO local_publico(latitude, longitude, nome) VALUES (-41, 0, 'LocalPublico27');
INSERT INTO local_publico(latitude, longitude, nome) VALUES (-41, 5, 'LocalPublico28');
INSERT INTO local_publico(latitude, longitude, nome) VALUES (-41, 10, 'LocalPublico29');
INSERT INTO local_publico(latitude, longitude, nome) VALUES (-41, 15, 'LocalPublico30');
INSERT INTO local_publico(latitude, longitude, nome) VALUES (-41, 20, 'LocalPublico31');
INSERT INTO local_publico(latitude, longitude, nome) VALUES (-41, 25, 'LocalPublico32');
INSERT INTO local_publico(latitude, longitude, nome) VALUES (-41, 30, 'LocalPublico33');
INSERT INTO local_publico(latitude, longitude, nome) VALUES (-41, 35, 'LocalPublico34');
INSERT INTO local_publico(latitude, longitude, nome) VALUES (-41, 40, 'LocalPublico35');
INSERT INTO local_publico(latitude, longitude, nome) VALUES (-41, 45, 'LocalPublico36');
INSERT INTO local_publico(latitude, longitude, nome) VALUES (-32, -50, 'LocalPublico37');
INSERT INTO local_publico(latitude, longitude, nome) VALUES (-32, -43, 'LocalPublico38');
INSERT INTO local_publico(latitude, longitude, nome) VALUES (-32, -36, 'LocalPublico39');
INSERT INTO local_publico(latitude, longitude, nome) VALUES (-32, -29, 'LocalPublico40');
INSERT INTO local_publico(latitude, longitude, nome) VALUES (-32, -22, 'LocalPublico41');
INSERT INTO local_publico(latitude, longitude, nome) VALUES (-32, -15, 'LocalPublico42');
INSERT INTO local_publico(latitude, longitude, nome) VALUES (-32, -8, 'LocalPublico43');
INSERT INTO local_publico(latitude, longitude, nome) VALUES (-32, -1, 'LocalPublico44');
INSERT INTO local_publico(latitude, longitude, nome) VALUES (-32, 6, 'LocalPublico45');
INSERT INTO local_publico(latitude, longitude, nome) VALUES (-32, 13, 'LocalPublico46');
INSERT INTO local_publico(latitude, longitude, nome) VALUES (-32, 20, 'LocalPublico47');
INSERT INTO local_publico(latitude, longitude, nome) VALUES (-32, 27, 'LocalPublico48');
INSERT INTO local_publico(latitude, longitude, nome) VALUES (-32, 34, 'LocalPublico49');
INSERT INTO local_publico(latitude, longitude, nome) VALUES (-32, 41, 'LocalPublico50');
INSERT INTO local_publico(latitude, longitude, nome) VALUES (-32, 48, 'LocalPublico51');
INSERT INTO local_publico(latitude, longitude, nome) VALUES (-23, -50, 'LocalPublico52');
INSERT INTO local_publico(latitude, longitude, nome) VALUES (-23, -41, 'LocalPublico53');
INSERT INTO local_publico(latitude, longitude, nome) VALUES (-23, -32, 'LocalPublico54');
INSERT INTO local_publico(latitude, longitude, nome) VALUES (-23, -23, 'LocalPublico55');
INSERT INTO local_publico(latitude, longitude, nome) VALUES (-23, -14, 'LocalPublico56');
INSERT INTO local_publico(latitude, longitude, nome) VALUES (-23, -5, 'LocalPublico57');
INSERT INTO local_publico(latitude, longitude, nome) VALUES (-23, 4, 'LocalPublico58');
INSERT INTO local_publico(latitude, longitude, nome) VALUES (-23, 13, 'LocalPublico59');
INSERT INTO local_publico(latitude, longitude, nome) VALUES (-23, 22, 'LocalPublico60');
INSERT INTO local_publico(latitude, longitude, nome) VALUES (-23, 31, 'LocalPublico61');
INSERT INTO local_publico(latitude, longitude, nome) VALUES (-23, 40, 'LocalPublico62');
INSERT INTO local_publico(latitude, longitude, nome) VALUES (-23, 49, 'LocalPublico63');
INSERT INTO local_publico(latitude, longitude, nome) VALUES (-14, -50, 'LocalPublico64');
INSERT INTO local_publico(latitude, longitude, nome) VALUES (-14, -49, 'LocalPublico65');
INSERT INTO local_publico(latitude, longitude, nome) VALUES (-14, -48, 'LocalPublico66');
INSERT INTO local_publico(latitude, longitude, nome) VALUES (-14, -47, 'LocalPublico67');
INSERT INTO local_publico(latitude, longitude, nome) VALUES (-14, -46, 'LocalPublico68');
INSERT INTO local_publico(latitude, longitude, nome) VALUES (-14, -45, 'LocalPublico69');
INSERT INTO local_publico(latitude, longitude, nome) VALUES (-14, -44, 'LocalPublico70');
INSERT INTO local_publico(latitude, longitude, nome) VALUES (-14, -43, 'LocalPublico71');
INSERT INTO local_publico(latitude, longitude, nome) VALUES (-14, -42, 'LocalPublico72');
INSERT INTO local_publico(latitude, longitude, nome) VALUES (-14, -41, 'LocalPublico73');
INSERT INTO local_publico(latitude, longitude, nome) VALUES (-14, -40, 'LocalPublico74');
INSERT INTO local_publico(latitude, longitude, nome) VALUES (-14, -39, 'LocalPublico75');
INSERT INTO local_publico(latitude, longitude, nome) VALUES (-14, -38, 'LocalPublico76');
INSERT INTO local_publico(latitude, longitude, nome) VALUES (-14, -37, 'LocalPublico77');
INSERT INTO local_publico(latitude, longitude, nome) VALUES (-14, -36, 'LocalPublico78');
INSERT INTO local_publico(latitude, longitude, nome) VALUES (-14, -35, 'LocalPublico79');
INSERT INTO local_publico(latitude, longitude, nome) VALUES (-14, -34, 'LocalPublico80');
INSERT INTO local_publico(latitude, longitude, nome) VALUES (-14, -33, 'LocalPublico81');
INSERT INTO local_publico(latitude, longitude, nome) VALUES (-14, -32, 'LocalPublico82');
INSERT INTO local_publico(latitude, longitude, nome) VALUES (-14, -31, 'LocalPublico83');
INSERT INTO local_publico(latitude, longitude, nome) VALUES (-14, -30, 'LocalPublico84');
INSERT INTO local_publico(latitude, longitude, nome) VALUES (-14, -29, 'LocalPublico85');
INSERT INTO local_publico(latitude, longitude, nome) VALUES (-14, -28, 'LocalPublico86');
INSERT INTO local_publico(latitude, longitude, nome) VALUES (-14, -27, 'LocalPublico87');
INSERT INTO local_publico(latitude, longitude, nome) VALUES (-14, -26, 'LocalPublico88');
INSERT INTO local_publico(latitude, longitude, nome) VALUES (-14, -25, 'LocalPublico89');
INSERT INTO local_publico(latitude, longitude, nome) VALUES (-14, -24, 'LocalPublico90');
INSERT INTO local_publico(latitude, longitude, nome) VALUES (-14, -23, 'LocalPublico91');
INSERT INTO local_publico(latitude, longitude, nome) VALUES (-14, -22, 'LocalPublico92');
INSERT INTO local_publico(latitude, longitude, nome) VALUES (-14, -21, 'LocalPublico93');
INSERT INTO local_publico(latitude, longitude, nome) VALUES (-14, -20, 'LocalPublico94');
INSERT INTO local_publico(latitude, longitude, nome) VALUES (-14, -19, 'LocalPublico95');
INSERT INTO local_publico(latitude, longitude, nome) VALUES (-14, -18, 'LocalPublico96');
INSERT INTO local_publico(latitude, longitude, nome) VALUES (-14, -17, 'LocalPublico97');
INSERT INTO local_publico(latitude, longitude, nome) VALUES (-14, -16, 'LocalPublico98');
INSERT INTO local_publico(latitude, longitude, nome) VALUES (-14, -15, 'LocalPublico99');
INSERT INTO local_publico(latitude, longitude, nome) VALUES (-14, -14, 'LocalPublico100');
INSERT INTO local_publico(latitude, longitude, nome) VALUES (-14, -13, 'LocalPublico101');
INSERT INTO local_publico(latitude, longitude, nome) VALUES (-14, -12, 'LocalPublico102');
INSERT INTO local_publico(latitude, longitude, nome) VALUES (-14, -11, 'LocalPublico103');
INSERT INTO local_publico(latitude, longitude, nome) VALUES (-14, -10, 'LocalPublico104');
INSERT INTO local_publico(latitude, longitude, nome) VALUES (-14, -9, 'LocalPublico105');
INSERT INTO local_publico(latitude, longitude, nome) VALUES (-14, -8, 'LocalPublico106');
INSERT INTO local_publico(latitude, longitude, nome) VALUES (-14, -7, 'LocalPublico107');
INSERT INTO local_publico(latitude, longitude, nome) VALUES (-14, -6, 'LocalPublico108');
INSERT INTO local_publico(latitude, longitude, nome) VALUES (-14, -5, 'LocalPublico109');
INSERT INTO local_publico(latitude, longitude, nome) VALUES (-14, -4, 'LocalPublico110');
INSERT INTO local_publico(latitude, longitude, nome) VALUES (-14, -3, 'LocalPublico111');
INSERT INTO local_publico(latitude, longitude, nome) VALUES (-14, -2, 'LocalPublico112');
INSERT INTO local_publico(latitude, longitude, nome) VALUES (-14, -1, 'LocalPublico113');
INSERT INTO local_publico(latitude, longitude, nome) VALUES (-14, 0, 'LocalPublico114');
INSERT INTO local_publico(latitude, longitude, nome) VALUES (-14, 1, 'LocalPublico115');
INSERT INTO local_publico(latitude, longitude, nome) VALUES (-14, 2, 'LocalPublico116');
INSERT INTO local_publico(latitude, longitude, nome) VALUES (-14, 3, 'LocalPublico117');
INSERT INTO local_publico(latitude, longitude, nome) VALUES (-14, 4, 'LocalPublico118');
INSERT INTO local_publico(latitude, longitude, nome) VALUES (-14, 5, 'LocalPublico119');
INSERT INTO local_publico(latitude, longitude, nome) VALUES (-14, 6, 'LocalPublico120');
INSERT INTO local_publico(latitude, longitude, nome) VALUES (-14, 7, 'LocalPublico121');
INSERT INTO local_publico(latitude, longitude, nome) VALUES (-14, 8, 'LocalPublico122');
INSERT INTO local_publico(latitude, longitude, nome) VALUES (-14, 9, 'LocalPublico123');
INSERT INTO local_publico(latitude, longitude, nome) VALUES (-14, 10, 'LocalPublico124');
INSERT INTO local_publico(latitude, longitude, nome) VALUES (-14, 11, 'LocalPublico125');
INSERT INTO local_publico(latitude, longitude, nome) VALUES (-14, 12, 'LocalPublico126');
INSERT INTO local_publico(latitude, longitude, nome) VALUES (-14, 13, 'LocalPublico127');
INSERT INTO local_publico(latitude, longitude, nome) VALUES (-14, 14, 'LocalPublico128');
INSERT INTO local_publico(latitude, longitude, nome) VALUES (-14, 15, 'LocalPublico129');
INSERT INTO local_publico(latitude, longitude, nome) VALUES (-14, 16, 'LocalPublico130');
INSERT INTO local_publico(latitude, longitude, nome) VALUES (-14, 17, 'LocalPublico131');
INSERT INTO local_publico(latitude, longitude, nome) VALUES (-14, 18, 'LocalPublico132');
INSERT INTO local_publico(latitude, longitude, nome) VALUES (-14, 19, 'LocalPublico133');
INSERT INTO local_publico(latitude, longitude, nome) VALUES (-14, 20, 'LocalPublico134');
INSERT INTO local_publico(latitude, longitude, nome) VALUES (-14, 21, 'LocalPublico135');
INSERT INTO local_publico(latitude, longitude, nome) VALUES (-14, 22, 'LocalPublico136');
INSERT INTO local_publico(latitude, longitude, nome) VALUES (-14, 23, 'LocalPublico137');
INSERT INTO local_publico(latitude, longitude, nome) VALUES (-14, 24, 'LocalPublico138');
INSERT INTO local_publico(latitude, longitude, nome) VALUES (-14, 25, 'LocalPublico139');
INSERT INTO local_publico(latitude, longitude, nome) VALUES (-14, 26, 'LocalPublico140');
INSERT INTO local_publico(latitude, longitude, nome) VALUES (-14, 27, 'LocalPublico141');
INSERT INTO local_publico(latitude, longitude, nome) VALUES (-14, 28, 'LocalPublico142');
INSERT INTO local_publico(latitude, longitude, nome) VALUES (-14, 29, 'LocalPublico143');
INSERT INTO local_publico(latitude, longitude, nome) VALUES (-14, 30, 'LocalPublico144');
INSERT INTO local_publico(latitude, longitude, nome) VALUES (-14, 31, 'LocalPublico145');
INSERT INTO local_publico(latitude, longitude, nome) VALUES (-14, 32, 'LocalPublico146');
INSERT INTO local_publico(latitude, longitude, nome) VALUES (-14, 33, 'LocalPublico147');
INSERT INTO local_publico(latitude, longitude, nome) VALUES (-14, 34, 'LocalPublico148');
INSERT INTO local_publico(latitude, longitude, nome) VALUES (-14, 35, 'LocalPublico149');
INSERT INTO local_publico(latitude, longitude, nome) VALUES (-14, 36, 'LocalPublico150');
INSERT INTO local_publico(latitude, longitude, nome) VALUES (-14, 37, 'LocalPublico151');
INSERT INTO local_publico(latitude, longitude, nome) VALUES (-14, 38, 'LocalPublico152');
INSERT INTO local_publico(latitude, longitude, nome) VALUES (-14, 39, 'LocalPublico153');
INSERT INTO local_publico(latitude, longitude, nome) VALUES (-14, 40, 'LocalPublico154');
INSERT INTO local_publico(latitude, longitude, nome) VALUES (-14, 41, 'LocalPublico155');
INSERT INTO local_publico(latitude, longitude, nome) VALUES (-14, 42, 'LocalPublico156');
INSERT INTO local_publico(latitude, longitude, nome) VALUES (-14, 43, 'LocalPublico157');
INSERT INTO local_publico(latitude, longitude, nome) VALUES (-14, 44, 'LocalPublico158');
INSERT INTO local_publico(latitude, longitude, nome) VALUES (-14, 45, 'LocalPublico159');
INSERT INTO local_publico(latitude, longitude, nome) VALUES (-14, 46, 'LocalPublico160');
INSERT INTO local_publico(latitude, longitude, nome) VALUES (-14, 47, 'LocalPublico161');
INSERT INTO local_publico(latitude, longitude, nome) VALUES (-14, 48, 'LocalPublico162');
INSERT INTO local_publico(latitude, longitude, nome) VALUES (-14, 49, 'LocalPublico163');
INSERT INTO local_publico(latitude, longitude, nome) VALUES (-5, -50, 'LocalPublico164');
INSERT INTO local_publico(latitude, longitude, nome) VALUES (-5, -44, 'LocalPublico165');
INSERT INTO local_publico(latitude, longitude, nome) VALUES (-5, -38, 'LocalPublico166');
INSERT INTO local_publico(latitude, longitude, nome) VALUES (-5, -32, 'LocalPublico167');
INSERT INTO local_publico(latitude, longitude, nome) VALUES (-5, -26, 'LocalPublico168');
INSERT INTO local_publico(latitude, longitude, nome) VALUES (-5, -20, 'LocalPublico169');
INSERT INTO local_publico(latitude, longitude, nome) VALUES (-5, -14, 'LocalPublico170');
INSERT INTO local_publico(latitude, longitude, nome) VALUES (-5, -8, 'LocalPublico171');
INSERT INTO local_publico(latitude, longitude, nome) VALUES (-5, -2, 'LocalPublico172');
INSERT INTO local_publico(latitude, longitude, nome) VALUES (-5, 4, 'LocalPublico173');
INSERT INTO local_publico(latitude, longitude, nome) VALUES (-5, 10, 'LocalPublico174');
INSERT INTO local_publico(latitude, longitude, nome) VALUES (-5, 16, 'LocalPublico175');
INSERT INTO local_publico(latitude, longitude, nome) VALUES (-5, 22, 'LocalPublico176');
INSERT INTO local_publico(latitude, longitude, nome) VALUES (-5, 28, 'LocalPublico177');
INSERT INTO local_publico(latitude, longitude, nome) VALUES (-5, 34, 'LocalPublico178');
INSERT INTO local_publico(latitude, longitude, nome) VALUES (-5, 40, 'LocalPublico179');
INSERT INTO local_publico(latitude, longitude, nome) VALUES (-5, 46, 'LocalPublico180');
INSERT INTO local_publico(latitude, longitude, nome) VALUES (4, -50, 'LocalPublico181');
INSERT INTO local_publico(latitude, longitude, nome) VALUES (4, -49, 'LocalPublico182');
INSERT INTO local_publico(latitude, longitude, nome) VALUES (4, -48, 'LocalPublico183');
INSERT INTO local_publico(latitude, longitude, nome) VALUES (4, -47, 'LocalPublico184');
INSERT INTO local_publico(latitude, longitude, nome) VALUES (4, -46, 'LocalPublico185');
INSERT INTO local_publico(latitude, longitude, nome) VALUES (4, -45, 'LocalPublico186');
INSERT INTO local_publico(latitude, longitude, nome) VALUES (4, -44, 'LocalPublico187');
INSERT INTO local_publico(latitude, longitude, nome) VALUES (4, -43, 'LocalPublico188');
INSERT INTO local_publico(latitude, longitude, nome) VALUES (4, -42, 'LocalPublico189');
INSERT INTO local_publico(latitude, longitude, nome) VALUES (4, -41, 'LocalPublico190');
INSERT INTO local_publico(latitude, longitude, nome) VALUES (4, -40, 'LocalPublico191');
INSERT INTO local_publico(latitude, longitude, nome) VALUES (4, -39, 'LocalPublico192');
INSERT INTO local_publico(latitude, longitude, nome) VALUES (4, -38, 'LocalPublico193');
INSERT INTO local_publico(latitude, longitude, nome) VALUES (4, -37, 'LocalPublico194');
INSERT INTO local_publico(latitude, longitude, nome) VALUES (4, -36, 'LocalPublico195');
INSERT INTO local_publico(latitude, longitude, nome) VALUES (4, -35, 'LocalPublico196');
INSERT INTO local_publico(latitude, longitude, nome) VALUES (4, -34, 'LocalPublico197');
INSERT INTO local_publico(latitude, longitude, nome) VALUES (4, -33, 'LocalPublico198');
INSERT INTO local_publico(latitude, longitude, nome) VALUES (4, -32, 'LocalPublico199');
INSERT INTO local_publico(latitude, longitude, nome) VALUES (4, -31, 'LocalPublico200');
INSERT INTO local_publico(latitude, longitude, nome) VALUES (4, -30, 'LocalPublico201');
INSERT INTO local_publico(latitude, longitude, nome) VALUES (4, -29, 'LocalPublico202');
INSERT INTO local_publico(latitude, longitude, nome) VALUES (4, -28, 'LocalPublico203');
INSERT INTO local_publico(latitude, longitude, nome) VALUES (4, -27, 'LocalPublico204');
INSERT INTO local_publico(latitude, longitude, nome) VALUES (4, -26, 'LocalPublico205');
INSERT INTO local_publico(latitude, longitude, nome) VALUES (4, -25, 'LocalPublico206');
INSERT INTO local_publico(latitude, longitude, nome) VALUES (4, -24, 'LocalPublico207');
INSERT INTO local_publico(latitude, longitude, nome) VALUES (4, -23, 'LocalPublico208');
INSERT INTO local_publico(latitude, longitude, nome) VALUES (4, -22, 'LocalPublico209');
INSERT INTO local_publico(latitude, longitude, nome) VALUES (4, -21, 'LocalPublico210');
INSERT INTO local_publico(latitude, longitude, nome) VALUES (4, -20, 'LocalPublico211');
INSERT INTO local_publico(latitude, longitude, nome) VALUES (4, -19, 'LocalPublico212');
INSERT INTO local_publico(latitude, longitude, nome) VALUES (4, -18, 'LocalPublico213');
INSERT INTO local_publico(latitude, longitude, nome) VALUES (4, -17, 'LocalPublico214');
INSERT INTO local_publico(latitude, longitude, nome) VALUES (4, -16, 'LocalPublico215');
INSERT INTO local_publico(latitude, longitude, nome) VALUES (4, -15, 'LocalPublico216');
INSERT INTO local_publico(latitude, longitude, nome) VALUES (4, -14, 'LocalPublico217');
INSERT INTO local_publico(latitude, longitude, nome) VALUES (4, -13, 'LocalPublico218');
INSERT INTO local_publico(latitude, longitude, nome) VALUES (4, -12, 'LocalPublico219');
INSERT INTO local_publico(latitude, longitude, nome) VALUES (4, -11, 'LocalPublico220');
INSERT INTO local_publico(latitude, longitude, nome) VALUES (4, -10, 'LocalPublico221');
INSERT INTO local_publico(latitude, longitude, nome) VALUES (4, -9, 'LocalPublico222');
INSERT INTO local_publico(latitude, longitude, nome) VALUES (4, -8, 'LocalPublico223');
INSERT INTO local_publico(latitude, longitude, nome) VALUES (4, -7, 'LocalPublico224');
INSERT INTO local_publico(latitude, longitude, nome) VALUES (4, -6, 'LocalPublico225');
INSERT INTO local_publico(latitude, longitude, nome) VALUES (4, -5, 'LocalPublico226');
INSERT INTO local_publico(latitude, longitude, nome) VALUES (4, -4, 'LocalPublico227');
INSERT INTO local_publico(latitude, longitude, nome) VALUES (4, -3, 'LocalPublico228');
INSERT INTO local_publico(latitude, longitude, nome) VALUES (4, -2, 'LocalPublico229');
INSERT INTO local_publico(latitude, longitude, nome) VALUES (4, -1, 'LocalPublico230');
INSERT INTO local_publico(latitude, longitude, nome) VALUES (4, 0, 'LocalPublico231');
INSERT INTO local_publico(latitude, longitude, nome) VALUES (4, 1, 'LocalPublico232');
INSERT INTO local_publico(latitude, longitude, nome) VALUES (4, 2, 'LocalPublico233');
INSERT INTO local_publico(latitude, longitude, nome) VALUES (4, 3, 'LocalPublico234');
INSERT INTO local_publico(latitude, longitude, nome) VALUES (4, 4, 'LocalPublico235');
INSERT INTO local_publico(latitude, longitude, nome) VALUES (4, 5, 'LocalPublico236');
INSERT INTO local_publico(latitude, longitude, nome) VALUES (4, 6, 'LocalPublico237');
INSERT INTO local_publico(latitude, longitude, nome) VALUES (4, 7, 'LocalPublico238');
INSERT INTO local_publico(latitude, longitude, nome) VALUES (4, 8, 'LocalPublico239');
INSERT INTO local_publico(latitude, longitude, nome) VALUES (4, 9, 'LocalPublico240');
INSERT INTO local_publico(latitude, longitude, nome) VALUES (4, 10, 'LocalPublico241');
INSERT INTO local_publico(latitude, longitude, nome) VALUES (4, 11, 'LocalPublico242');
INSERT INTO local_publico(latitude, longitude, nome) VALUES (4, 12, 'LocalPublico243');
INSERT INTO local_publico(latitude, longitude, nome) VALUES (4, 13, 'LocalPublico244');
INSERT INTO local_publico(latitude, longitude, nome) VALUES (4, 14, 'LocalPublico245');
INSERT INTO local_publico(latitude, longitude, nome) VALUES (4, 15, 'LocalPublico246');
INSERT INTO local_publico(latitude, longitude, nome) VALUES (4, 16, 'LocalPublico247');
INSERT INTO local_publico(latitude, longitude, nome) VALUES (4, 17, 'LocalPublico248');
INSERT INTO local_publico(latitude, longitude, nome) VALUES (4, 18, 'LocalPublico249');
INSERT INTO local_publico(latitude, longitude, nome) VALUES (4, 19, 'LocalPublico250');
INSERT INTO local_publico(latitude, longitude, nome) VALUES (4, 20, 'LocalPublico251');
INSERT INTO local_publico(latitude, longitude, nome) VALUES (4, 21, 'LocalPublico252');
INSERT INTO local_publico(latitude, longitude, nome) VALUES (4, 22, 'LocalPublico253');
INSERT INTO local_publico(latitude, longitude, nome) VALUES (4, 23, 'LocalPublico254');
INSERT INTO local_publico(latitude, longitude, nome) VALUES (4, 24, 'LocalPublico255');
INSERT INTO local_publico(latitude, longitude, nome) VALUES (4, 25, 'LocalPublico256');
INSERT INTO local_publico(latitude, longitude, nome) VALUES (4, 26, 'LocalPublico257');
INSERT INTO local_publico(latitude, longitude, nome) VALUES (4, 27, 'LocalPublico258');
INSERT INTO local_publico(latitude, longitude, nome) VALUES (4, 28, 'LocalPublico259');
INSERT INTO local_publico(latitude, longitude, nome) VALUES (4, 29, 'LocalPublico260');
INSERT INTO local_publico(latitude, longitude, nome) VALUES (4, 30, 'LocalPublico261');
INSERT INTO local_publico(latitude, longitude, nome) VALUES (4, 31, 'LocalPublico262');
INSERT INTO local_publico(latitude, longitude, nome) VALUES (4, 32, 'LocalPublico263');
INSERT INTO local_publico(latitude, longitude, nome) VALUES (4, 33, 'LocalPublico264');
INSERT INTO local_publico(latitude, longitude, nome) VALUES (4, 34, 'LocalPublico265');
INSERT INTO local_publico(latitude, longitude, nome) VALUES (4, 35, 'LocalPublico266');
INSERT INTO local_publico(latitude, longitude, nome) VALUES (4, 36, 'LocalPublico267');
INSERT INTO local_publico(latitude, longitude, nome) VALUES (4, 37, 'LocalPublico268');
INSERT INTO local_publico(latitude, longitude, nome) VALUES (4, 38, 'LocalPublico269');
INSERT INTO local_publico(latitude, longitude, nome) VALUES (4, 39, 'LocalPublico270');
INSERT INTO local_publico(latitude, longitude, nome) VALUES (4, 40, 'LocalPublico271');
INSERT INTO local_publico(latitude, longitude, nome) VALUES (4, 41, 'LocalPublico272');
INSERT INTO local_publico(latitude, longitude, nome) VALUES (4, 42, 'LocalPublico273');
INSERT INTO local_publico(latitude, longitude, nome) VALUES (4, 43, 'LocalPublico274');
INSERT INTO local_publico(latitude, longitude, nome) VALUES (4, 44, 'LocalPublico275');
INSERT INTO local_publico(latitude, longitude, nome) VALUES (4, 45, 'LocalPublico276');
INSERT INTO local_publico(latitude, longitude, nome) VALUES (4, 46, 'LocalPublico277');
INSERT INTO local_publico(latitude, longitude, nome) VALUES (4, 47, 'LocalPublico278');
INSERT INTO local_publico(latitude, longitude, nome) VALUES (4, 48, 'LocalPublico279');
INSERT INTO local_publico(latitude, longitude, nome) VALUES (4, 49, 'LocalPublico280');
INSERT INTO local_publico(latitude, longitude, nome) VALUES (13, -50, 'LocalPublico281');
INSERT INTO local_publico(latitude, longitude, nome) VALUES (13, -46, 'LocalPublico282');
INSERT INTO local_publico(latitude, longitude, nome) VALUES (13, -42, 'LocalPublico283');
INSERT INTO local_publico(latitude, longitude, nome) VALUES (13, -38, 'LocalPublico284');
INSERT INTO local_publico(latitude, longitude, nome) VALUES (13, -34, 'LocalPublico285');
INSERT INTO local_publico(latitude, longitude, nome) VALUES (13, -30, 'LocalPublico286');
INSERT INTO local_publico(latitude, longitude, nome) VALUES (13, -26, 'LocalPublico287');
INSERT INTO local_publico(latitude, longitude, nome) VALUES (13, -22, 'LocalPublico288');
INSERT INTO local_publico(latitude, longitude, nome) VALUES (13, -18, 'LocalPublico289');
INSERT INTO local_publico(latitude, longitude, nome) VALUES (13, -14, 'LocalPublico290');
INSERT INTO local_publico(latitude, longitude, nome) VALUES (13, -10, 'LocalPublico291');
INSERT INTO local_publico(latitude, longitude, nome) VALUES (13, -6, 'LocalPublico292');
INSERT INTO local_publico(latitude, longitude, nome) VALUES (13, -2, 'LocalPublico293');
INSERT INTO local_publico(latitude, longitude, nome) VALUES (13, 2, 'LocalPublico294');
INSERT INTO local_publico(latitude, longitude, nome) VALUES (13, 6, 'LocalPublico295');
INSERT INTO local_publico(latitude, longitude, nome) VALUES (13, 10, 'LocalPublico296');
INSERT INTO local_publico(latitude, longitude, nome) VALUES (13, 14, 'LocalPublico297');
INSERT INTO local_publico(latitude, longitude, nome) VALUES (13, 18, 'LocalPublico298');
INSERT INTO local_publico(latitude, longitude, nome) VALUES (13, 22, 'LocalPublico299');
INSERT INTO local_publico(latitude, longitude, nome) VALUES (13, 26, 'LocalPublico300');
INSERT INTO local_publico(latitude, longitude, nome) VALUES (13, 30, 'LocalPublico301');
INSERT INTO local_publico(latitude, longitude, nome) VALUES (13, 34, 'LocalPublico302');
INSERT INTO local_publico(latitude, longitude, nome) VALUES (13, 38, 'LocalPublico303');
INSERT INTO local_publico(latitude, longitude, nome) VALUES (13, 42, 'LocalPublico304');
INSERT INTO local_publico(latitude, longitude, nome) VALUES (13, 46, 'LocalPublico305');
INSERT INTO local_publico(latitude, longitude, nome) VALUES (22, -50, 'LocalPublico306');
INSERT INTO local_publico(latitude, longitude, nome) VALUES (22, -46, 'LocalPublico307');
INSERT INTO local_publico(latitude, longitude, nome) VALUES (22, -42, 'LocalPublico308');
INSERT INTO local_publico(latitude, longitude, nome) VALUES (22, -38, 'LocalPublico309');
INSERT INTO local_publico(latitude, longitude, nome) VALUES (22, -34, 'LocalPublico310');
INSERT INTO local_publico(latitude, longitude, nome) VALUES (22, -30, 'LocalPublico311');
INSERT INTO local_publico(latitude, longitude, nome) VALUES (22, -26, 'LocalPublico312');
INSERT INTO local_publico(latitude, longitude, nome) VALUES (22, -22, 'LocalPublico313');
INSERT INTO local_publico(latitude, longitude, nome) VALUES (22, -18, 'LocalPublico314');
INSERT INTO local_publico(latitude, longitude, nome) VALUES (22, -14, 'LocalPublico315');
INSERT INTO local_publico(latitude, longitude, nome) VALUES (22, -10, 'LocalPublico316');
INSERT INTO local_publico(latitude, longitude, nome) VALUES (22, -6, 'LocalPublico317');
INSERT INTO local_publico(latitude, longitude, nome) VALUES (22, -2, 'LocalPublico318');
INSERT INTO local_publico(latitude, longitude, nome) VALUES (22, 2, 'LocalPublico319');
INSERT INTO local_publico(latitude, longitude, nome) VALUES (22, 6, 'LocalPublico320');
INSERT INTO local_publico(latitude, longitude, nome) VALUES (22, 10, 'LocalPublico321');
INSERT INTO local_publico(latitude, longitude, nome) VALUES (22, 14, 'LocalPublico322');
INSERT INTO local_publico(latitude, longitude, nome) VALUES (22, 18, 'LocalPublico323');
INSERT INTO local_publico(latitude, longitude, nome) VALUES (22, 22, 'LocalPublico324');
INSERT INTO local_publico(latitude, longitude, nome) VALUES (22, 26, 'LocalPublico325');
INSERT INTO local_publico(latitude, longitude, nome) VALUES (22, 30, 'LocalPublico326');
INSERT INTO local_publico(latitude, longitude, nome) VALUES (22, 34, 'LocalPublico327');
INSERT INTO local_publico(latitude, longitude, nome) VALUES (22, 38, 'LocalPublico328');
INSERT INTO local_publico(latitude, longitude, nome) VALUES (22, 42, 'LocalPublico329');
INSERT INTO local_publico(latitude, longitude, nome) VALUES (22, 46, 'LocalPublico330');
INSERT INTO local_publico(latitude, longitude, nome) VALUES (31, -50, 'LocalPublico331');
INSERT INTO local_publico(latitude, longitude, nome) VALUES (31, -48, 'LocalPublico332');
INSERT INTO local_publico(latitude, longitude, nome) VALUES (31, -46, 'LocalPublico333');
INSERT INTO local_publico(latitude, longitude, nome) VALUES (31, -44, 'LocalPublico334');
INSERT INTO local_publico(latitude, longitude, nome) VALUES (31, -42, 'LocalPublico335');
INSERT INTO local_publico(latitude, longitude, nome) VALUES (31, -40, 'LocalPublico336');
INSERT INTO local_publico(latitude, longitude, nome) VALUES (31, -38, 'LocalPublico337');
INSERT INTO local_publico(latitude, longitude, nome) VALUES (31, -36, 'LocalPublico338');
INSERT INTO local_publico(latitude, longitude, nome) VALUES (31, -34, 'LocalPublico339');
INSERT INTO local_publico(latitude, longitude, nome) VALUES (31, -32, 'LocalPublico340');
INSERT INTO local_publico(latitude, longitude, nome) VALUES (31, -30, 'LocalPublico341');
INSERT INTO local_publico(latitude, longitude, nome) VALUES (31, -28, 'LocalPublico342');
INSERT INTO local_publico(latitude, longitude, nome) VALUES (31, -26, 'LocalPublico343');
INSERT INTO local_publico(latitude, longitude, nome) VALUES (31, -24, 'LocalPublico344');
INSERT INTO local_publico(latitude, longitude, nome) VALUES (31, -22, 'LocalPublico345');
INSERT INTO local_publico(latitude, longitude, nome) VALUES (31, -20, 'LocalPublico346');
INSERT INTO local_publico(latitude, longitude, nome) VALUES (31, -18, 'LocalPublico347');
INSERT INTO local_publico(latitude, longitude, nome) VALUES (31, -16, 'LocalPublico348');
INSERT INTO local_publico(latitude, longitude, nome) VALUES (31, -14, 'LocalPublico349');
INSERT INTO local_publico(latitude, longitude, nome) VALUES (31, -12, 'LocalPublico350');
INSERT INTO local_publico(latitude, longitude, nome) VALUES (31, -10, 'LocalPublico351');
INSERT INTO local_publico(latitude, longitude, nome) VALUES (31, -8, 'LocalPublico352');
INSERT INTO local_publico(latitude, longitude, nome) VALUES (31, -6, 'LocalPublico353');
INSERT INTO local_publico(latitude, longitude, nome) VALUES (31, -4, 'LocalPublico354');
INSERT INTO local_publico(latitude, longitude, nome) VALUES (31, -2, 'LocalPublico355');
INSERT INTO local_publico(latitude, longitude, nome) VALUES (31, 0, 'LocalPublico356');
INSERT INTO local_publico(latitude, longitude, nome) VALUES (31, 2, 'LocalPublico357');
INSERT INTO local_publico(latitude, longitude, nome) VALUES (31, 4, 'LocalPublico358');
INSERT INTO local_publico(latitude, longitude, nome) VALUES (31, 6, 'LocalPublico359');
INSERT INTO local_publico(latitude, longitude, nome) VALUES (31, 8, 'LocalPublico360');
INSERT INTO local_publico(latitude, longitude, nome) VALUES (31, 10, 'LocalPublico361');
INSERT INTO local_publico(latitude, longitude, nome) VALUES (31, 12, 'LocalPublico362');
INSERT INTO local_publico(latitude, longitude, nome) VALUES (31, 14, 'LocalPublico363');
INSERT INTO local_publico(latitude, longitude, nome) VALUES (31, 16, 'LocalPublico364');
INSERT INTO local_publico(latitude, longitude, nome) VALUES (31, 18, 'LocalPublico365');
INSERT INTO local_publico(latitude, longitude, nome) VALUES (31, 20, 'LocalPublico366');
INSERT INTO local_publico(latitude, longitude, nome) VALUES (31, 22, 'LocalPublico367');
INSERT INTO local_publico(latitude, longitude, nome) VALUES (31, 24, 'LocalPublico368');
INSERT INTO local_publico(latitude, longitude, nome) VALUES (31, 26, 'LocalPublico369');
INSERT INTO local_publico(latitude, longitude, nome) VALUES (31, 28, 'LocalPublico370');
INSERT INTO local_publico(latitude, longitude, nome) VALUES (31, 30, 'LocalPublico371');
INSERT INTO local_publico(latitude, longitude, nome) VALUES (31, 32, 'LocalPublico372');
INSERT INTO local_publico(latitude, longitude, nome) VALUES (31, 34, 'LocalPublico373');
INSERT INTO local_publico(latitude, longitude, nome) VALUES (31, 36, 'LocalPublico374');
INSERT INTO local_publico(latitude, longitude, nome) VALUES (31, 38, 'LocalPublico375');
INSERT INTO local_publico(latitude, longitude, nome) VALUES (31, 40, 'LocalPublico376');
INSERT INTO local_publico(latitude, longitude, nome) VALUES (31, 42, 'LocalPublico377');
INSERT INTO local_publico(latitude, longitude, nome) VALUES (31, 44, 'LocalPublico378');
INSERT INTO local_publico(latitude, longitude, nome) VALUES (31, 46, 'LocalPublico379');
INSERT INTO local_publico(latitude, longitude, nome) VALUES (31, 48, 'LocalPublico380');
INSERT INTO local_publico(latitude, longitude, nome) VALUES (40, -50, 'LocalPublico381');
INSERT INTO local_publico(latitude, longitude, nome) VALUES (40, -45, 'LocalPublico382');
INSERT INTO local_publico(latitude, longitude, nome) VALUES (40, -40, 'LocalPublico383');
INSERT INTO local_publico(latitude, longitude, nome) VALUES (40, -35, 'LocalPublico384');
INSERT INTO local_publico(latitude, longitude, nome) VALUES (40, -30, 'LocalPublico385');
INSERT INTO local_publico(latitude, longitude, nome) VALUES (40, -25, 'LocalPublico386');
INSERT INTO local_publico(latitude, longitude, nome) VALUES (40, -20, 'LocalPublico387');
INSERT INTO local_publico(latitude, longitude, nome) VALUES (40, -15, 'LocalPublico388');
INSERT INTO local_publico(latitude, longitude, nome) VALUES (40, -10, 'LocalPublico389');
INSERT INTO local_publico(latitude, longitude, nome) VALUES (40, -5, 'LocalPublico390');
INSERT INTO local_publico(latitude, longitude, nome) VALUES (40, 0, 'LocalPublico391');
INSERT INTO local_publico(latitude, longitude, nome) VALUES (40, 5, 'LocalPublico392');
INSERT INTO local_publico(latitude, longitude, nome) VALUES (40, 10, 'LocalPublico393');
INSERT INTO local_publico(latitude, longitude, nome) VALUES (40, 15, 'LocalPublico394');
INSERT INTO local_publico(latitude, longitude, nome) VALUES (40, 20, 'LocalPublico395');
INSERT INTO local_publico(latitude, longitude, nome) VALUES (40, 25, 'LocalPublico396');
INSERT INTO local_publico(latitude, longitude, nome) VALUES (40, 30, 'LocalPublico397');
INSERT INTO local_publico(latitude, longitude, nome) VALUES (40, 35, 'LocalPublico398');
INSERT INTO local_publico(latitude, longitude, nome) VALUES (40, 40, 'LocalPublico399');
INSERT INTO local_publico(latitude, longitude, nome) VALUES (40, 45, 'LocalPublico400');
INSERT INTO local_publico(latitude, longitude, nome) VALUES (49, -50, 'LocalPublico401');
INSERT INTO local_publico(latitude, longitude, nome) VALUES (49, -44, 'LocalPublico402');
INSERT INTO local_publico(latitude, longitude, nome) VALUES (49, -38, 'LocalPublico403');
INSERT INTO local_publico(latitude, longitude, nome) VALUES (49, -32, 'LocalPublico404');
INSERT INTO local_publico(latitude, longitude, nome) VALUES (49, -26, 'LocalPublico405');
INSERT INTO local_publico(latitude, longitude, nome) VALUES (49, -20, 'LocalPublico406');
INSERT INTO local_publico(latitude, longitude, nome) VALUES (49, -14, 'LocalPublico407');
INSERT INTO local_publico(latitude, longitude, nome) VALUES (49, -8, 'LocalPublico408');
INSERT INTO local_publico(latitude, longitude, nome) VALUES (49, -2, 'LocalPublico409');
INSERT INTO local_publico(latitude, longitude, nome) VALUES (49, 4, 'LocalPublico410');
INSERT INTO local_publico(latitude, longitude, nome) VALUES (49, 10, 'LocalPublico411');
INSERT INTO local_publico(latitude, longitude, nome) VALUES (49, 16, 'LocalPublico412');
INSERT INTO local_publico(latitude, longitude, nome) VALUES (49, 22, 'LocalPublico413');
INSERT INTO local_publico(latitude, longitude, nome) VALUES (49, 28, 'LocalPublico414');
INSERT INTO local_publico(latitude, longitude, nome) VALUES (49, 34, 'LocalPublico415');
INSERT INTO local_publico(latitude, longitude, nome) VALUES (49, 40, 'LocalPublico416');
INSERT INTO local_publico(latitude, longitude, nome) VALUES (49, 46, 'LocalPublico417');

-- Populate Item
INSERT INTO item(descricao, localizacao, latitude, longitude) VALUES ('Descricao0', 'Localizacao0', -14, 20);
INSERT INTO item(descricao, localizacao, latitude, longitude) VALUES ('Descricao1', 'Localizacao1', -14, -10);
INSERT INTO item(descricao, localizacao, latitude, longitude) VALUES ('Descricao2', 'Localizacao2', 31, -8);
INSERT INTO item(descricao, localizacao, latitude, longitude) VALUES ('Descricao3', 'Localizacao3', 4, 11);
INSERT INTO item(descricao, localizacao, latitude, longitude) VALUES ('Descricao4', 'Localizacao4', -32, 20);
INSERT INTO item(descricao, localizacao, latitude, longitude) VALUES ('Descricao5', 'Localizacao5', 49, -2);
INSERT INTO item(descricao, localizacao, latitude, longitude) VALUES ('Descricao6', 'Localizacao6', 13, -6);
INSERT INTO item(descricao, localizacao, latitude, longitude) VALUES ('Descricao7', 'Localizacao7', 4, 47);
INSERT INTO item(descricao, localizacao, latitude, longitude) VALUES ('Descricao8', 'Localizacao8', -14, 43);
INSERT INTO item(descricao, localizacao, latitude, longitude) VALUES ('Descricao9', 'Localizacao9', -14, -5);
INSERT INTO item(descricao, localizacao, latitude, longitude) VALUES ('Descricao10', 'Localizacao10', -32, -29);
INSERT INTO item(descricao, localizacao, latitude, longitude) VALUES ('Descricao11', 'Localizacao11', -50, -2);
INSERT INTO item(descricao, localizacao, latitude, longitude) VALUES ('Descricao12', 'Localizacao12', -41, -40);
INSERT INTO item(descricao, localizacao, latitude, longitude) VALUES ('Descricao13', 'Localizacao13', 13, -42);
INSERT INTO item(descricao, localizacao, latitude, longitude) VALUES ('Descricao14', 'Localizacao14', -14, -36);
INSERT INTO item(descricao, localizacao, latitude, longitude) VALUES ('Descricao15', 'Localizacao15', -50, 34);
INSERT INTO item(descricao, localizacao, latitude, longitude) VALUES ('Descricao16', 'Localizacao16', 4, 1);
INSERT INTO item(descricao, localizacao, latitude, longitude) VALUES ('Descricao17', 'Localizacao17', 4, -18);
INSERT INTO item(descricao, localizacao, latitude, longitude) VALUES ('Descricao18', 'Localizacao18', 31, 20);
INSERT INTO item(descricao, localizacao, latitude, longitude) VALUES ('Descricao19', 'Localizacao19', -23, -41);
INSERT INTO item(descricao, localizacao, latitude, longitude) VALUES ('Descricao20', 'Localizacao20', -14, 36);
INSERT INTO item(descricao, localizacao, latitude, longitude) VALUES ('Descricao21', 'Localizacao21', 4, -9);
INSERT INTO item(descricao, localizacao, latitude, longitude) VALUES ('Descricao22', 'Localizacao22', 31, -10);
INSERT INTO item(descricao, localizacao, latitude, longitude) VALUES ('Descricao23', 'Localizacao23', -14, -31);
INSERT INTO item(descricao, localizacao, latitude, longitude) VALUES ('Descricao24', 'Localizacao24', 49, -8);
INSERT INTO item(descricao, localizacao, latitude, longitude) VALUES ('Descricao25', 'Localizacao25', 4, 38);
INSERT INTO item(descricao, localizacao, latitude, longitude) VALUES ('Descricao26', 'Localizacao26', -5, -32);
INSERT INTO item(descricao, localizacao, latitude, longitude) VALUES ('Descricao27', 'Localizacao27', -14, -48);
INSERT INTO item(descricao, localizacao, latitude, longitude) VALUES ('Descricao28', 'Localizacao28', -14, 1);
INSERT INTO item(descricao, localizacao, latitude, longitude) VALUES ('Descricao29', 'Localizacao29', 4, 2);

-- Populate Anomalia
INSERT INTO anomalia(zona, imagem, lingua, ts, descricao, tem_anomalia_redacao) VALUES ('-5, -16, 4, 13', '1', 'Lingua1', '2021/09/07 00:49:00', 'Descricao1', '0');
INSERT INTO anomalia(zona, imagem, lingua, ts, descricao, tem_anomalia_redacao) VALUES ('-3, -8, 17, 13', '1', 'Lingua2', '2020/08/07 20:01:00', 'Descricao2', '1');
INSERT INTO anomalia(zona, imagem, lingua, ts, descricao, tem_anomalia_redacao) VALUES ('-11, -5, 16, 13', '1', 'Lingua3', '2021/02/07 07:41:00', 'Descricao3', '1');
INSERT INTO anomalia(zona, imagem, lingua, ts, descricao, tem_anomalia_redacao) VALUES ('-2, -16, 9, 4', '1', 'Lingua4', '2021/08/05 00:39:00', 'Descricao4', '0');
INSERT INTO anomalia(zona, imagem, lingua, ts, descricao, tem_anomalia_redacao) VALUES ('-7, -3, 7, 12', '1', 'Lingua5', '2019/12/18 13:51:00', 'Descricao5', '1');
INSERT INTO anomalia(zona, imagem, lingua, ts, descricao, tem_anomalia_redacao) VALUES ('-4, -2, 9, 11', '1', 'Lingua6', '2019/07/05 14:23:00', 'Descricao6', '0');
INSERT INTO anomalia(zona, imagem, lingua, ts, descricao, tem_anomalia_redacao) VALUES ('-11, -11, 4, 4', '1', 'Lingua7', '2020/05/18 10:32:00', 'Descricao7', '1');
INSERT INTO anomalia(zona, imagem, lingua, ts, descricao, tem_anomalia_redacao) VALUES ('-18, -16, 8, 16', '1', 'Lingua8', '2019/04/03 05:29:00', 'Descricao8', '1');
INSERT INTO anomalia(zona, imagem, lingua, ts, descricao, tem_anomalia_redacao) VALUES ('-8, 0, 8, 6', '1', 'Lingua9', '2019/08/02 22:39:00', 'Descricao9', '0');
INSERT INTO anomalia(zona, imagem, lingua, ts, descricao, tem_anomalia_redacao) VALUES ('-13, 0, 5, 18', '1', 'Lingua10', '2019/05/19 12:44:00', 'Descricao10', '1');
INSERT INTO anomalia(zona, imagem, lingua, ts, descricao, tem_anomalia_redacao) VALUES ('-19, -10, 17, 17', '1', 'Lingua11', '2019/05/02 13:27:00', 'Descricao11', '1');
INSERT INTO anomalia(zona, imagem, lingua, ts, descricao, tem_anomalia_redacao) VALUES ('-19, -18, 14, 7', '1', 'Lingua12', '2018/10/11 00:26:00', 'Descricao12', '1');
INSERT INTO anomalia(zona, imagem, lingua, ts, descricao, tem_anomalia_redacao) VALUES ('-9, -2, 4, 5', '1', 'Lingua13', '2019/05/15 05:08:00', 'Descricao13', '0');
INSERT INTO anomalia(zona, imagem, lingua, ts, descricao, tem_anomalia_redacao) VALUES ('-18, -2, 3, 7', '1', 'Lingua14', '2020/06/29 03:15:00', 'Descricao14', '0');
INSERT INTO anomalia(zona, imagem, lingua, ts, descricao, tem_anomalia_redacao) VALUES ('-1, -13, 9, 8', '1', 'Lingua15', '2020/09/01 22:24:00', 'Descricao15', '0');
INSERT INTO anomalia(zona, imagem, lingua, ts, descricao, tem_anomalia_redacao) VALUES ('-3, 0, 18, 1', '1', 'Lingua16', '2020/10/04 23:48:00', 'Descricao16', '1');
INSERT INTO anomalia(zona, imagem, lingua, ts, descricao, tem_anomalia_redacao) VALUES ('0, -18, 11, 17', '1', 'Lingua17', '2020/12/30 16:06:00', 'Descricao17', '1');
INSERT INTO anomalia(zona, imagem, lingua, ts, descricao, tem_anomalia_redacao) VALUES ('-7, -13, 2, 14', '1', 'Lingua18', '2020/07/17 07:15:00', 'Descricao18', '0');
INSERT INTO anomalia(zona, imagem, lingua, ts, descricao, tem_anomalia_redacao) VALUES ('-5, -4, 10, 15', '1', 'Lingua19', '2021/01/14 03:46:00', 'Descricao19', '1');
INSERT INTO anomalia(zona, imagem, lingua, ts, descricao, tem_anomalia_redacao) VALUES ('-7, -4, 5, 1', '1', 'Lingua20', '2018/11/01 00:42:00', 'Descricao20', '0');
INSERT INTO anomalia(zona, imagem, lingua, ts, descricao, tem_anomalia_redacao) VALUES ('-9, -14, 15, 18', '1', 'Lingua21', '2018/12/28 00:22:00', 'Descricao21', '1');
INSERT INTO anomalia(zona, imagem, lingua, ts, descricao, tem_anomalia_redacao) VALUES ('0, -1, 8, 12', '1', 'Lingua22', '2020/10/24 20:21:00', 'Descricao22', '0');
INSERT INTO anomalia(zona, imagem, lingua, ts, descricao, tem_anomalia_redacao) VALUES ('-7, -7, 1, 16', '1', 'Lingua23', '2021/05/31 09:09:00', 'Descricao23', '0');
INSERT INTO anomalia(zona, imagem, lingua, ts, descricao, tem_anomalia_redacao) VALUES ('0, -9, 3, 19', '1', 'Lingua24', '2020/06/22 14:51:00', 'Descricao24', '0');
INSERT INTO anomalia(zona, imagem, lingua, ts, descricao, tem_anomalia_redacao) VALUES ('-11, -15, 7, 16', '1', 'Lingua25', '2019/07/28 12:18:00', 'Descricao25', '1');

-- Populate Anomalia Traducao
INSERT INTO anomalia_traducao(id, zona2, lingua2) VALUES (1, '-16, -15, 17, 1', 'Lingua1');
INSERT INTO anomalia_traducao(id, zona2, lingua2) VALUES (2, '-6, -5, 11, 10', 'Lingua2');
INSERT INTO anomalia_traducao(id, zona2, lingua2) VALUES (3, '-6, -16, 14, 10', 'Lingua3');
INSERT INTO anomalia_traducao(id, zona2, lingua2) VALUES (4, '-8, -1, 14, 2', 'Lingua4');
INSERT INTO anomalia_traducao(id, zona2, lingua2) VALUES (5, '-16, -7, 1, 6', 'Lingua5');
INSERT INTO anomalia_traducao(id, zona2, lingua2) VALUES (6, '-13, -14, 2, 2', 'Lingua6');
INSERT INTO anomalia_traducao(id, zona2, lingua2) VALUES (7, '-12, -4, 8, 3', 'Lingua7');
INSERT INTO anomalia_traducao(id, zona2, lingua2) VALUES (8, '-13, -12, 13, 7', 'Lingua8');
INSERT INTO anomalia_traducao(id, zona2, lingua2) VALUES (9, '-10, -13, 6, 1', 'Lingua9');
INSERT INTO anomalia_traducao(id, zona2, lingua2) VALUES (10, '-18, -1, 1, 5', 'Lingua10');
INSERT INTO anomalia_traducao(id, zona2, lingua2) VALUES (11, '-12, -18, 17, 12', 'Lingua11');
INSERT INTO anomalia_traducao(id, zona2, lingua2) VALUES (12, '-4, -13, 19, 12', 'Lingua12');
INSERT INTO anomalia_traducao(id, zona2, lingua2) VALUES (13, '-7, -12, 13, 8', 'Lingua13');
INSERT INTO anomalia_traducao(id, zona2, lingua2) VALUES (14, '-6, -16, 16, 6', 'Lingua14');
INSERT INTO anomalia_traducao(id, zona2, lingua2) VALUES (15, '0, -14, 16, 7', 'Lingua15');
INSERT INTO anomalia_traducao(id, zona2, lingua2) VALUES (16, '-17, -19, 10, 12', 'Lingua16');
INSERT INTO anomalia_traducao(id, zona2, lingua2) VALUES (17, '-5, -10, 18, 6', 'Lingua17');
INSERT INTO anomalia_traducao(id, zona2, lingua2) VALUES (18, '-19, -14, 14, 8', 'Lingua18');
INSERT INTO anomalia_traducao(id, zona2, lingua2) VALUES (19, '-13, -8, 2, 16', 'Lingua19');
INSERT INTO anomalia_traducao(id, zona2, lingua2) VALUES (20, '-13, -12, 7, 16', 'Lingua20');
INSERT INTO anomalia_traducao(id, zona2, lingua2) VALUES (21, '-14, -4, 4, 15', 'Lingua21');
INSERT INTO anomalia_traducao(id, zona2, lingua2) VALUES (22, '-6, -12, 2, 4', 'Lingua22');
INSERT INTO anomalia_traducao(id, zona2, lingua2) VALUES (23, '-18, -10, 18, 5', 'Lingua23');
INSERT INTO anomalia_traducao(id, zona2, lingua2) VALUES (24, '-1, -14, 6, 9', 'Lingua24');

-- Populates Duplicado
INSERT INTO duplicado(item1, item2) VALUES (11, 17);
INSERT INTO duplicado(item1, item2) VALUES (1, 8);
INSERT INTO duplicado(item1, item2) VALUES (9, 15);
INSERT INTO duplicado(item1, item2) VALUES (7, 8);
INSERT INTO duplicado(item1, item2) VALUES (6, 28);
INSERT INTO duplicado(item1, item2) VALUES (3, 10);
INSERT INTO duplicado(item1, item2) VALUES (1, 4);
INSERT INTO duplicado(item1, item2) VALUES (7, 19);
INSERT INTO duplicado(item1, item2) VALUES (1, 3);
INSERT INTO duplicado(item1, item2) VALUES (18, 23);
INSERT INTO duplicado(item1, item2) VALUES (7, 27);
INSERT INTO duplicado(item1, item2) VALUES (23, 25);
INSERT INTO duplicado(item1, item2) VALUES (12, 14);
INSERT INTO duplicado(item1, item2) VALUES (13, 17);
INSERT INTO duplicado(item1, item2) VALUES (2, 6);
INSERT INTO duplicado(item1, item2) VALUES (19, 28);
INSERT INTO duplicado(item1, item2) VALUES (3, 5);
INSERT INTO duplicado(item1, item2) VALUES (6, 29);
INSERT INTO duplicado(item1, item2) VALUES (1, 17);
INSERT INTO duplicado(item1, item2) VALUES (13, 21);
INSERT INTO duplicado(item1, item2) VALUES (19, 22);
INSERT INTO duplicado(item1, item2) VALUES (1, 21);
INSERT INTO duplicado(item1, item2) VALUES (12, 17);
INSERT INTO duplicado(item1, item2) VALUES (8, 19);
INSERT INTO duplicado(item1, item2) VALUES (2, 4);

-- Populates Incidencia
INSERT INTO incidencia(anomalia_id, item_id, email) VALUES (1, 4, 'Email12');
INSERT INTO incidencia(anomalia_id, item_id, email) VALUES (2, 25, 'Email41');
INSERT INTO incidencia(anomalia_id, item_id, email) VALUES (3, 12, 'Email1');
INSERT INTO incidencia(anomalia_id, item_id, email) VALUES (4, 3, 'Email6');
INSERT INTO incidencia(anomalia_id, item_id, email) VALUES (5, 2, 'Email21');
INSERT INTO incidencia(anomalia_id, item_id, email) VALUES (6, 11, 'Email21');
INSERT INTO incidencia(anomalia_id, item_id, email) VALUES (7, 1, 'Email11');
INSERT INTO incidencia(anomalia_id, item_id, email) VALUES (8, 13, 'Email35');
INSERT INTO incidencia(anomalia_id, item_id, email) VALUES (9, 10, 'Email15');
INSERT INTO incidencia(anomalia_id, item_id, email) VALUES (10, 22, 'Email44');
INSERT INTO incidencia(anomalia_id, item_id, email) VALUES (11, 25, 'Email37');
INSERT INTO incidencia(anomalia_id, item_id, email) VALUES (12, 22, 'Email15');
INSERT INTO incidencia(anomalia_id, item_id, email) VALUES (13, 12, 'Email9');
INSERT INTO incidencia(anomalia_id, item_id, email) VALUES (14, 30, 'Email46');
INSERT INTO incidencia(anomalia_id, item_id, email) VALUES (15, 10, 'Email35');
INSERT INTO incidencia(anomalia_id, item_id, email) VALUES (16, 11, 'Email22');
INSERT INTO incidencia(anomalia_id, item_id, email) VALUES (17, 27, 'Email45');
INSERT INTO incidencia(anomalia_id, item_id, email) VALUES (18, 21, 'Email9');
INSERT INTO incidencia(anomalia_id, item_id, email) VALUES (19, 7, 'Email14');
INSERT INTO incidencia(anomalia_id, item_id, email) VALUES (20, 16, 'Email10');
INSERT INTO incidencia(anomalia_id, item_id, email) VALUES (21, 14, 'Email37');
INSERT INTO incidencia(anomalia_id, item_id, email) VALUES (22, 21, 'Email47');
INSERT INTO incidencia(anomalia_id, item_id, email) VALUES (23, 11, 'Email26');
INSERT INTO incidencia(anomalia_id, item_id, email) VALUES (24, 14, 'Email10');
INSERT INTO incidencia(anomalia_id, item_id, email) VALUES (25, 30, 'Email36');

-- Populate Proposta de Correcao
INSERT INTO proposta_de_correcao(email, nro, data_hora, texto) VALUES ('Email0', 1, '2021/01/14 05:58:00', 'Texto0');
INSERT INTO proposta_de_correcao(email, nro, data_hora, texto) VALUES ('Email0', 2, '2019/07/13 14:39:00', 'Texto0');
INSERT INTO proposta_de_correcao(email, nro, data_hora, texto) VALUES ('Email2', 1, '2021/08/24 01:10:00', 'Texto1');
INSERT INTO proposta_de_correcao(email, nro, data_hora, texto) VALUES ('Email2', 2, '2021/04/18 04:59:00', 'Texto1');
INSERT INTO proposta_de_correcao(email, nro, data_hora, texto) VALUES ('Email4', 1, '2020/09/11 12:53:00', 'Texto2');
INSERT INTO proposta_de_correcao(email, nro, data_hora, texto) VALUES ('Email4', 2, '2020/01/20 10:37:00', 'Texto2');
INSERT INTO proposta_de_correcao(email, nro, data_hora, texto) VALUES ('Email6', 1, '2019/12/12 14:08:00', 'Texto3');
INSERT INTO proposta_de_correcao(email, nro, data_hora, texto) VALUES ('Email6', 2, '2020/09/20 13:30:00', 'Texto3');
INSERT INTO proposta_de_correcao(email, nro, data_hora, texto) VALUES ('Email8', 1, '2019/04/25 06:17:00', 'Texto4');
INSERT INTO proposta_de_correcao(email, nro, data_hora, texto) VALUES ('Email10', 1, '2021/07/27 00:35:00', 'Texto5');
INSERT INTO proposta_de_correcao(email, nro, data_hora, texto) VALUES ('Email10', 2, '2020/06/08 03:04:00', 'Texto5');
INSERT INTO proposta_de_correcao(email, nro, data_hora, texto) VALUES ('Email12', 1, '2019/02/03 04:29:00', 'Texto6');
INSERT INTO proposta_de_correcao(email, nro, data_hora, texto) VALUES ('Email14', 1, '2019/07/26 18:19:00', 'Texto7');
INSERT INTO proposta_de_correcao(email, nro, data_hora, texto) VALUES ('Email14', 2, '2019/09/29 11:11:00', 'Texto7');
INSERT INTO proposta_de_correcao(email, nro, data_hora, texto) VALUES ('Email14', 3, '2019/03/23 09:42:00', 'Texto7');
INSERT INTO proposta_de_correcao(email, nro, data_hora, texto) VALUES ('Email16', 1, '2018/12/16 14:45:00', 'Texto8');
INSERT INTO proposta_de_correcao(email, nro, data_hora, texto) VALUES ('Email18', 1, '2018/12/11 17:39:00', 'Texto9');
INSERT INTO proposta_de_correcao(email, nro, data_hora, texto) VALUES ('Email18', 2, '2020/07/10 15:53:00', 'Texto9');
INSERT INTO proposta_de_correcao(email, nro, data_hora, texto) VALUES ('Email18', 3, '2021/03/19 16:00:00', 'Texto9');
INSERT INTO proposta_de_correcao(email, nro, data_hora, texto) VALUES ('Email22', 1, '2021/04/04 21:42:00', 'Texto11');
INSERT INTO proposta_de_correcao(email, nro, data_hora, texto) VALUES ('Email24', 1, '2019/11/30 15:35:00', 'Texto12');
INSERT INTO proposta_de_correcao(email, nro, data_hora, texto) VALUES ('Email26', 1, '2021/03/27 23:06:00', 'Texto13');
INSERT INTO proposta_de_correcao(email, nro, data_hora, texto) VALUES ('Email26', 2, '2021/03/27 16:41:00', 'Texto13');
INSERT INTO proposta_de_correcao(email, nro, data_hora, texto) VALUES ('Email26', 3, '2019/12/28 19:28:00', 'Texto13');
INSERT INTO proposta_de_correcao(email, nro, data_hora, texto) VALUES ('Email28', 1, '2020/05/09 10:20:00', 'Texto14');
INSERT INTO proposta_de_correcao(email, nro, data_hora, texto) VALUES ('Email30', 1, '2019/03/15 05:08:00', 'Texto15');
INSERT INTO proposta_de_correcao(email, nro, data_hora, texto) VALUES ('Email30', 2, '2021/07/14 11:41:00', 'Texto15');
INSERT INTO proposta_de_correcao(email, nro, data_hora, texto) VALUES ('Email30', 3, '2019/07/22 14:32:00', 'Texto15');
INSERT INTO proposta_de_correcao(email, nro, data_hora, texto) VALUES ('Email32', 1, '2021/04/29 16:14:00', 'Texto16');
INSERT INTO proposta_de_correcao(email, nro, data_hora, texto) VALUES ('Email32', 2, '2019/10/23 15:42:00', 'Texto16');
INSERT INTO proposta_de_correcao(email, nro, data_hora, texto) VALUES ('Email34', 1, '2019/09/14 10:47:00', 'Texto17');
INSERT INTO proposta_de_correcao(email, nro, data_hora, texto) VALUES ('Email34', 2, '2020/04/10 13:04:00', 'Texto17');
INSERT INTO proposta_de_correcao(email, nro, data_hora, texto) VALUES ('Email34', 3, '2020/09/26 09:58:00', 'Texto17');
INSERT INTO proposta_de_correcao(email, nro, data_hora, texto) VALUES ('Email36', 1, '2019/12/09 19:05:00', 'Texto18');
INSERT INTO proposta_de_correcao(email, nro, data_hora, texto) VALUES ('Email36', 2, '2021/08/23 16:08:00', 'Texto18');
INSERT INTO proposta_de_correcao(email, nro, data_hora, texto) VALUES ('Email38', 1, '2020/02/09 02:22:00', 'Texto19');
INSERT INTO proposta_de_correcao(email, nro, data_hora, texto) VALUES ('Email38', 2, '2019/06/02 21:04:00', 'Texto19');
INSERT INTO proposta_de_correcao(email, nro, data_hora, texto) VALUES ('Email38', 3, '2020/11/26 03:09:00', 'Texto19');
INSERT INTO proposta_de_correcao(email, nro, data_hora, texto) VALUES ('Email40', 1, '2019/02/01 05:05:00', 'Texto20');
INSERT INTO proposta_de_correcao(email, nro, data_hora, texto) VALUES ('Email40', 2, '2019/05/29 23:39:00', 'Texto20');
INSERT INTO proposta_de_correcao(email, nro, data_hora, texto) VALUES ('Email40', 3, '2019/04/21 02:19:00', 'Texto20');
INSERT INTO proposta_de_correcao(email, nro, data_hora, texto) VALUES ('Email42', 1, '2021/03/20 01:10:00', 'Texto21');
INSERT INTO proposta_de_correcao(email, nro, data_hora, texto) VALUES ('Email42', 2, '2020/06/06 10:20:00', 'Texto21');
INSERT INTO proposta_de_correcao(email, nro, data_hora, texto) VALUES ('Email42', 3, '2018/11/16 04:57:00', 'Texto21');
INSERT INTO proposta_de_correcao(email, nro, data_hora, texto) VALUES ('Email44', 1, '2020/02/19 00:30:00', 'Texto22');
INSERT INTO proposta_de_correcao(email, nro, data_hora, texto) VALUES ('Email44', 2, '2018/10/26 17:06:00', 'Texto22');
INSERT INTO proposta_de_correcao(email, nro, data_hora, texto) VALUES ('Email44', 3, '2019/01/10 09:33:00', 'Texto22');
INSERT INTO proposta_de_correcao(email, nro, data_hora, texto) VALUES ('Email46', 1, '2019/02/26 07:11:00', 'Texto23');
INSERT INTO proposta_de_correcao(email, nro, data_hora, texto) VALUES ('Email46', 2, '2019/08/11 00:12:00', 'Texto23');
INSERT INTO proposta_de_correcao(email, nro, data_hora, texto) VALUES ('Email46', 3, '2020/09/11 19:07:00', 'Texto23');

-- Populate Correcao
INSERT INTO correcao(email, nro, anomalia_id) VALUES ('Email0', 1, 8);
INSERT INTO correcao(email, nro, anomalia_id) VALUES ('Email2', 1, 9);
INSERT INTO correcao(email, nro, anomalia_id) VALUES ('Email4', 1, 5);
INSERT INTO correcao(email, nro, anomalia_id) VALUES ('Email6', 1, 23);
INSERT INTO correcao(email, nro, anomalia_id) VALUES ('Email8', 1, 2);
INSERT INTO correcao(email, nro, anomalia_id) VALUES ('Email10', 2, 23);
INSERT INTO correcao(email, nro, anomalia_id) VALUES ('Email14', 1, 15);
INSERT INTO correcao(email, nro, anomalia_id) VALUES ('Email14', 3, 3);
INSERT INTO correcao(email, nro, anomalia_id) VALUES ('Email18', 1, 21);
INSERT INTO correcao(email, nro, anomalia_id) VALUES ('Email18', 3, 22);
INSERT INTO correcao(email, nro, anomalia_id) VALUES ('Email24', 1, 7);
INSERT INTO correcao(email, nro, anomalia_id) VALUES ('Email26', 2, 22);
INSERT INTO correcao(email, nro, anomalia_id) VALUES ('Email28', 1, 18);
INSERT INTO correcao(email, nro, anomalia_id) VALUES ('Email30', 2, 14);
INSERT INTO correcao(email, nro, anomalia_id) VALUES ('Email32', 1, 6);
INSERT INTO correcao(email, nro, anomalia_id) VALUES ('Email34', 1, 9);
INSERT INTO correcao(email, nro, anomalia_id) VALUES ('Email34', 3, 12);
INSERT INTO correcao(email, nro, anomalia_id) VALUES ('Email36', 2, 21);
INSERT INTO correcao(email, nro, anomalia_id) VALUES ('Email38', 2, 20);
INSERT INTO correcao(email, nro, anomalia_id) VALUES ('Email40', 1, 21);
INSERT INTO correcao(email, nro, anomalia_id) VALUES ('Email40', 3, 19);
INSERT INTO correcao(email, nro, anomalia_id) VALUES ('Email42', 2, 25);
INSERT INTO correcao(email, nro, anomalia_id) VALUES ('Email44', 1, 6);
INSERT INTO correcao(email, nro, anomalia_id) VALUES ('Email44', 3, 12);
INSERT INTO correcao(email, nro, anomalia_id) VALUES ('Email46', 2, 7);
