Title0,83,2020-03-26 22:20,2020-03-27 22:20,3
Title1,83,2020-03-26 22:20,2020-03-27 22:20,3
Title2,83,2020-03-26 22:20,2020-03-27 22:20,3
Title3,83,2020-03-26 22:20,2020-03-27 22:20,3
Title4,83,2020-03-26 22:20,2020-03-27 22:20,3
Title5,83,2020-03-26 22:20,2020-03-27 22:20,3
Title6,83,2020-03-26 22:20,2020-03-27 22:20,3
Title7,83,2020-03-26 22:20,2020-03-27 22:20,3
Title8,83,2020-03-26 22:20,2020-03-27 22:20,3
Title9,83,2020-03-26 22:20,2020-03-27 22:20,3
Title10,83,2020-03-26 22:20,2020-03-27 22:20,3
Title11,83,2020-03-26 22:20,2020-03-27 22:20,3
Title12,83,2020-03-26 22:20,2020-03-27 22:20,3
Title13,83,2020-03-26 22:20,2020-03-27 22:20,3
Title14,83,2020-03-26 22:20,2020-03-27 22:20,3
Title15,83,2020-03-26 22:20,2020-03-27 22:20,3
Title16,83,2020-03-26 22:20,2020-03-27 22:20,3
Title17,83,2020-03-26 22:20,2020-03-27 22:20,3
Title18,83,2020-03-26 22:20,2020-03-27 22:20,3
Title19,83,2020-03-26 22:20,2020-03-27 22:20,3
Title20,83,2020-03-26 22:20,2020-03-27 22:20,3
Title21,83,2020-03-26 22:20,2020-03-27 22:20,3
Title22,83,2020-03-26 22:20,2020-03-27 22:20,3
Title23,83,2020-03-26 22:20,2020-03-27 22:20,3
Title24,83,2020-03-26 22:20,2020-03-27 22:20,3
Title25,83,2020-03-26 22:20,2020-03-27 22:20,3
Title26,83,2020-03-26 22:20,2020-03-27 22:20,3
Title27,83,2020-03-26 22:20,2020-03-27 22:20,3
Title28,83,2020-03-26 22:20,2020-03-27 22:20,3
Title29,83,2020-03-26 22:20,2020-03-27 22:20,3
Title30,83,2020-03-26 22:20,2020-03-27 22:20,3
Title31,83,2020-03-26 22:20,2020-03-27 22:20,3
Title32,83,2020-03-26 22:20,2020-03-27 22:20,3
Title33,83,2020-03-26 22:20,2020-03-27 22:20,3
Title34,83,2020-03-26 22:20,2020-03-27 22:20,3
Title35,83,2020-03-26 22:20,2020-03-27 22:20,3
Title36,83,2020-03-26 22:20,2020-03-27 22:20,3
Title37,83,2020-03-26 22:20,2020-03-27 22:20,3
Title38,83,2020-03-26 22:20,2020-03-27 22:20,3
Title39,83,2020-03-26 22:20,2020-03-27 22:20,3
Title40,83,2020-03-26 22:20,2020-03-27 22:20,3
Title41,83,2020-03-26 22:20,2020-03-27 22:20,3
Title42,83,2020-03-26 22:20,2020-03-27 22:20,3
Title43,83,2020-03-26 22:20,2020-03-27 22:20,3
Title44,83,2020-03-26 22:20,2020-03-27 22:20,3
Title45,83,2020-03-26 22:20,2020-03-27 22:20,3
Title46,83,2020-03-26 22:20,2020-03-27 22:20,3
Title47,83,2020-03-26 22:20,2020-03-27 22:20,3
Title48,83,2020-03-26 22:20,2020-03-27 22:20,3
Title49,83,2020-03-26 22:20,2020-03-27 22:20,3